Troms,NO,#207f7c
Finnmark,NO,#a222a7
Nord_Ubangi,CD,#196092
Haut_Lomami,CD,#f2f3f9
Kasaï_Oriental,CD,#2e4e9f
Lomami,CD,#b489ca
Tanganyika,CD,#021525
Sud_Kivu,CD,#f8fbf0
Maniema,CD,#bdccc4
Nord_Kivu,CD,#05060a
Ituri,CD,#102f2b
Haut_Uele,CD,#ececb9
Bas_Uele,CD,#333e23
Tshopo,CD,#c0bfc0
Mongala,CD,#6cd7c2
Sud_Ubangi,CD,#fcefeb
Équateur,CD,#eb6210
Tshuapa,CD,#0a0a09
Sankuru,CD,#3a68cf
Kasaï_Central,CD,#0c391f
Kasaï,CD,#172f00
Kwango,CD,#085346
Kwilu,CD,#fb8572
Mai_Ndombe,CD,#efe0f1
Kinshasa,CD,#b1afbc
Kongo_Central,CD,#0a450c
Haut_Katanga,CD,#b6d7c9
Lualaba,CD,#e293f6
Entre_Ríos,AR,#e6f6fb
Paysandú,UY,#141c27
Sind,PK,#3c5423
Gujarat,IN,#f372c4
Sabah,MY,#88bdc3
Arica_y_Parinacota,CL,#97c4bb
La_Paz,BO,#d9e0fe
Oruro,BO,#f8f7f7
Tarapacá,CL,#2e7fa5
Potosí,BO,#754594
Antofagasta,CL,#dfb9b4
Tacna,PE,#c4cbbe
Salta,AR,#f663cb
Jujuy,AR,#4b664e
Xinjiang,CN,#73eb52
Xizang,CN,#59e092
HaDarom,IL,#c5c5d8
Gaza_Strip,PS,#0e0905
HaZafon,IL,#070607
West_Bank,PS,#727272
Haifa,IL,#183d0a
HaMerkaz,IL,#a28071
Jerusalem,IL,#f4fdf4
Sidama,ET,#f1e9f6
South_West_Ethiopia_Peoples,ET,#f4e1cd
Southern_Nations__Nationalities_and_Peoples,ET,#adf59e
Somali,ET,#a2ca29
Nugaal,SO,#b2be2b
Mudug,SO,#e5e6e6
Galguduud,SO,#a0a0d5
Hiiraan,SO,#464746
Bakool,SO,#b1c3cc
Gedo,SO,#accacf
Gilgit_Baltistan,PK,#33a460
Azad_Kashmir,PK,#093350
Punjab,PK,#3d1e14
Karonga,MW,#c950dc
Mbeya,TZ,#06c15e
Njombe,TZ,#8b524e
Ruvuma,TZ,#17151e
Rumphi,MW,#65ec23
Nkhata_Bay,MW,#240e5d
Arunachal_Pradesh,IN,#928e87
UNDOF,SY,#37822f
Bari,SO,#1a1713
Guyane_française,GF,#b5c98a
Sipaliwini,SR,#f2d7cf
East_Berbice_Corentyne,GY,#b7182b
Gangwon,KR,#b4d1c4
Kangwŏn-do,KP,#f3e3fe
Gyeonggi,KR,#1e181f
Kaesong,KP,#f7f8f3
Hwanghae-bukto,KP,#9d91ac
Western_Sahara,EH,#f89be3
Alajuela,CR,#725b88
Rio_San_Juan,NI,#664879
Limón,CR,#167734
Heredia,CR,#8912b5
Likouala,CG,#e28f45
Cuvette,CG,#7a6969
Plateaux,CG,#565d6b
Pool,CG,#f2c0f5
Brazzaville,CG,#af3dc8
Bouenza,CG,#d4f596
Niari,CG,#c9f8e2
Tashi_Yangtse,BT,#0af357
Lhuntshi,BT,#a6fe51
Bumthang,BT,#190932
Karas,NA,#b2a89f
Homs_Hims,SY,#a770e5
Tartus,SY,#d1ae8e
Rif_Dimashq,SY,#e19c9a
St__Martin,MF,#040005
Sint_Maarten,SX,#d8b5d3
Fujayrah,AE,#87f2f6
Musandam,OM,#262626
Sharjah,AE,#2b3eb4
Ras_Al_Khaymah,AE,#97a6b4
Ferghana,UZ,#dde8e3
East_Kazakhstan,KZ,#d79cb8
Abai,KZ,#361715
Almaty,KZ,#262f10
Jetisu,KZ,#2d403e
Leninabad,TJ,#d4dd88
Rio_Grande_do_Sul,BR,#b7bec4
Artigas,UY,#a34473
Salto,UY,#865cc5
Rivera,UY,#fef5e7
Cerro_Largo,UY,#98e764
Rocha,UY,#fbbabc
Treinta_y_Tres,UY,#070508
Dornod,MN,#2b3128
Inner_Mongol,CN,#5667a1
Bayan-Ölgii,MN,#f916dc
Hovd,MN,#2b2b8c
Sühbaatar,MN,#040707
Dornogovi,MN,#090300
Govisümber,MN,#f4f5f7
Govi-Altay,MN,#7f4058
Gansu,CN,#160118
Bayanhongor,MN,#5ca421
Ömnögovi,MN,#752e20
Gorno-Altay,RU,#78fbd7
Kon_Tum,VN,#101b19
Rôtânôkiri,KH,#030000
Đắk_Nông,VN,#ecfedb
Môndól_Kiri,KH,#33858c
Dak_Lak,VN,#544c8d
Gia_Lai,VN,#4c975e
Bình_Phước,VN,#221d1e
Krâchéh,KH,#4539b2
Tây_Ninh,VN,#f6f5f6
Tboung_Khmum,KH,#b2e7c0
Kâmpóng_Cham,KH,#edd0e1
Svay_Rieng,KH,#121469
Prey_Vêng,KH,#f7d85e
Long_An,VN,#cdf4d8
Ðong_Tháp,VN,#010601
An_Giang,VN,#411a1f
Kândal,KH,#1d023b
Takêv,KH,#f7eef2
Kiên_Giang,VN,#99bf46
Kâmpôt,KH,#7d6a12
Abkhazia,GE,#c7eee6
Samegrelo-Zemo_Svaneti,GE,#282b1c
Shida_Kartli,GE,#58cce5
Racha-Lechkhumi-Kvemo_Svaneti,GE,#382419
Mtskheta-Mtianeti,GE,#111216
Kakheti,GE,#332200
Qazax,AZ,#465445
Ardahan,TR,#b51ea1
Samtskhe-Javakheti,GE,#fbf9f8
Artvin,TR,#301d26
Ajaria,GE,#502143
Phôngsali,LA,#356e07
Yunnan,CN,#b592c3
Oudômxai,LA,#cf22c5
Louang_Namtha,LA,#bd0ab3
Ysyk-Köl,KG,#dbf1bc
Naryn,KG,#242227
Osh,KG,#dfd8f1
Osh_City,KG,#6315ce
Tavush,AM,#d5f6d8
Kvemo_Kartli,GE,#eed5e5
Lori,AM,#f8f7f8
Shirak,AM,#a9afba
Zhambyl,KZ,#c2a4d7
Chuy,KG,#020307
Talas,KG,#98be03
Turkistan,KZ,#0e1323
Shymkent_City,KZ,#e786c4
Cuyuni_Mazaruni,GY,#f9fafa
Roraima,BR,#77a22b
Potaro_Siparuni,GY,#a9fec3
Upper_Takutu_Upper_Essequibo,GY,#080b00
Pará,BR,#383b39
Madre_de_Dios,PE,#1d1508
Acre,BR,#cccae3
Ghadamis,LY,#34341d
Tataouine,TN,#595712
Médenine,TN,#3c5955
An_Nuqat_al_Khams,LY,#345740
Ağstafa,AZ,#468aa7
Tovuz,AZ,#f0d1c5
Gədəbəy,AZ,#251c2b
Gegharkunik,AM,#0b0c2a
Daşkəsən,AZ,#8bc82b
Kəlbəcər,AZ,#b8c346
Vayots_Dzor,AM,#a540fb
Syunik,AM,#1f282e
Lachin,AZ,#7d614e
Qubadli,AZ,#1a090b
Zəngilan,AZ,#0b040b
Şərur,AZ,#8c83be
Ararat,AM,#56ed8b
Sədərək,AZ,#2f77da
Kangarli,AZ,#0e0e11
Babək,AZ,#f8fce1
Şahbuz,AZ,#000001
Culfa,AZ,#fdf9fe
Ordubad,AZ,#382461
Jalal-Abad,KG,#fdfadc
Tashkent,UZ,#4b2d0c
Namangan,UZ,#9ec590
Andijon,UZ,#cd6052
Batken,KG,#5e527d
Tadzhikistan_Territories,TJ,#c9fae0
Gorno-Badakhshan,TJ,#eaefec
Chitipa,MW,#322b30
Muchinga,ZM,#28332d
Mzimba,MW,#cec9ca
Eastern,ZM,#d1b4ac
Kasungu,MW,#f3f1ea
Mchinji,MW,#f4d3ee
North_Western,SL,#39b04a
Northern,SL,#111209
Faranah,GN,#ab9332
Kindia,GN,#acacab
Mamou,GN,#daf4f7
Dabola,GN,#2b1c43
Forécariah,GN,#522783
Guéckédou,GN,#d7f2e6
Eastern,SL,#8b1f14
Grand_Cape_Mount,LR,#36316e
Southern,SL,#b01b1b
Gbapolu,LR,#b337be
Lofa,LR,#e8e1b7
Vakaga,CF,#353956
Central_Darfur,SD,#83f6e2
Southern_Darfur,SD,#fcfcfb
Haute_Kotto,CF,#3e5718
Haut_Mbomou,CF,#03051a
Ali_Sabieh,DJ,#5d63d2
Arta,DJ,#000003
Dikhil,DJ,#60e637
Afar,ET,#f3ece8
Tadjourah,DJ,#c2a8e5
Kigoma,TZ,#000001
Katavi,TZ,#cac1ca
Rukwa,TZ,#05080a
Obock,DJ,#2e2f08
Debubawi_Keyih_Bahri,ER,#295207
Dihok,IQ,#a7dd92
Sirnak,TR,#82a524
Hakkari,TR,#afa8df
Arbil,IQ,#0d20d6
Iğdir,TR,#110b06
Agri,TR,#3e343f
Van,TR,#1fae1f
Northern,ZM,#000301
Kankan,GN,#090a09
Mandiana,GN,#f4f5f9
Beyla,GN,#e7f5fa
Lola,GN,#131e13
Al_Batnah_North,OM,#604558
Dubay,AE,#dbd2d9
Neutral_Zone,AE,#002933
Al_Buraymi,OM,#4d0e5f
Oman_and_Ajman,AE,#f6f2f1
Abu_Dhabi,AE,#556262
Al_Dhahira,OM,#a0a97c
Balakən,AZ,#2b7a84
Zaqatala,AZ,#bdaff8
Xaçmaz,AZ,#c46017
Qusar,AZ,#7e909d
Oğuz,AZ,#5e5465
Şəki,AZ,#325b54
Qax,AZ,#a75852
Qəbələ,AZ,#e6dcfb
Amapá,BR,#54434d
Samux,AZ,#f4edf8
Kayes,ML,#16f3fb
Kédougou,SN,#121502
Tambacounda,SN,#1e0102
Koundara,GN,#1a6975
Kolda,SN,#96f401
Mali,GN,#451431
Kebbi,NG,#121201
Alibori,BJ,#79f269
Niger,NG,#c9eefc
Borgou,BJ,#ebeae6
Kwara,NG,#adc8fe
Ogun,NG,#040601
Plateau,BJ,#a52510
Collines,BJ,#16b39f
Oyo,NG,#2a2929
Lagos,NG,#579a07
Ouémé,BJ,#b3a776
Cabinda,AO,#aeb2a3
Kouilou,CG,#7842b5
Ar_Rayyān,QA,#888a8b
Al_Shahaniya,QA,#cbcce2
Ngamiland,BW,#8ecda7
Chobe,BW,#50d9a1
Matabeleland_North,ZW,#020201
Central,BW,#e2d5d6
Matabeleland_South,ZW,#776b1a
North_East,BW,#45334e
Otdar_Mean_Chey,KH,#8aa42f
Surin,TH,#143d37
Preah_Vihéar,KH,#63f940
Si_Sa_Ket,TH,#f47f8a
Ubon_Ratchathani,TH,#267569
Siemréab,KH,#b7bcb9
Bântéay_Méanchey,KH,#fefcfb
Sa_Kaeo,TH,#7e81ef
Buri_Ram,TH,#6c6343
Kaôh_Kong,KH,#266de3
Trat,TH,#eff4e3
Pouthisat,KH,#7c2721
Batdâmbâng,KH,#31575c
Krong_Pailin,KH,#afbcd6
Chanthaburi,TH,#dedbd7
Tashigang,BT,#666a79
Assam,IN,#1c2f28
Samdrup_Jongkhar,BT,#e225d2
Sikkim,IN,#d895a0
Ha,BT,#73419e
Samchi,BT,#273409
West_Bengal,IN,#e1e49d
Geylegphug,BT,#ddc4c0
Chhukha,BT,#561130
Shemgang,BT,#a0574b
Perlis,MY,#693064
Satun,TH,#c30a9a
Songkhla,TH,#bbb868
Kedah,MY,#6a6a6a
Yala,TH,#83302e
Kelantan,MY,#e4e3e4
Narathiwat,TH,#4e895a
Perak,MY,#f2d4cf
Nord_Est,HT,#c9d0af
Monte_Cristi,DO,#54ad61
Dajabón,DO,#000305
Centre,HT,#5a0283
La_Estrelleta,DO,#924621
Independencia,DO,#f8f7fa
Ouest,HT,#13a275
Sud_Est,HT,#760161
Pedernales,DO,#a88e13
Lac,TD,#e4ca6d
Borno,NG,#fafaf9
Al_Jahrah,KW,#3e9314
Al-Basrah,IQ,#243c97
Al-Muthannia,IQ,#68546f
Ahuachapán,SV,#7c9d8f
Jutiapa,GT,#919192
Santa_Ana,SV,#4d3120
Chiquimula,GT,#222927
Nusa_Tenggara_Timur,ID,#c7bfd2
Ambeno,TL,#dd9c68
Bobonaro,TL,#1c7154
Cova_Lima,TL,#7ecf80
Sarawak,MY,#312c2e
Temburong,BN,#f4f7f2
Kalimantan_Barat,ID,#f1d7d4
Maputo,MZ,#c299ac
Lubombo,SZ,#310641
Muyinga,BI,#c4f9d2
Eastern,RW,#401121
Kirundo,BI,#2b1d0e
Southern,RW,#fe81e2
Ngozi,BI,#89a534
Cibitoke,BI,#cbd3d4
Western,RW,#dead45
Kayanza,BI,#220e29
Rakhine,MM,#e0dbc9
Chittagong,BD,#d2cae7
Chin,MM,#dde0de
Badakhshan,AF,#95dea8
Ntungamo,UG,#0e736a
Isingiro,UG,#2e2073
Northern,RW,#0cebaf
Kabale,UG,#673380
Kisoro,UG,#1a0b19
Guantánamo,CU,#0c5f54
Uttarakhand,IN,#000000
Ocotepeque,HN,#0a0709
Chalatenango,SV,#f8f3f6
Lempira,HN,#080805
Cabañas,SV,#f5f5f6
Intibucá,HN,#bc3782
Morazán,SV,#fcebf5
La_Paz,HN,#050a08
San_Miguel,SV,#0a7c07
La_Unión,SV,#665bd4
Valle,HN,#02b5a6
Atlántico_Norte,NI,#8ab233
Olancho,HN,#212930
Gracias_a_Dios,HN,#060706
Jinotega,NI,#66419e
El_Paraíso,HN,#04311c
Nueva_Segovia,NI,#e0dbee
Chinandega,NI,#027cd1
Choluteca,HN,#eb9aa8
Madriz,NI,#050a09
Esmeraldas,EC,#9dc679
Nariño,CO,#fbfef7
Carchi,EC,#92c2f7
Sucumbios,EC,#0c1521
Putumayo,CO,#0f1212
Nickerie,SR,#aa6357
Marowijne,SR,#5c340d
Tarija,BO,#949799
Boquerón,PY,#eff1f2
Formosa,AR,#e2d3da
Presidente_Hayes,PY,#502f52
Central,PY,#27d053
Asunción,PY,#03060a
Alto_Paraná,PY,#fd609f
Misiones,AR,#f8f9f6
Itapúa,PY,#e99634
Ñeembucú,PY,#c4b5d0
Chaco,AR,#829783
Corrientes,AR,#04121b
Misiones,PY,#220c47
Santa_Cruz,BO,#c3a1ee
Mato_Grosso_do_Sul,BR,#d1dbf8
Alto_Paraguay,PY,#38fd99
Concepción,PY,#299e73
Amambay,PY,#99a09b
Canindeyú,PY,#3c3b05
Paraná,BR,#a4c8f5
Santa_Catarina,BR,#4f3308
Kars,TR,#011c28
Aragatsotn,AM,#cfb23f
Armavir,AM,#2b1c23
İmişli,AZ,#06b783
Biləsuvar,AZ,#43fd30
Cəlilabad,AZ,#8f98b8
Yardımlı,AZ,#9f4c98
Lerik,AZ,#dddedb
Cəbrayıl,AZ,#8d169b
Füzuli,AZ,#6e6162
Beyləqan,AZ,#c5f2d5
Astara,AZ,#dedddd
Buryat,RU,#9b6a8d
Hövsgöl,MN,#24052e
Tuva,RU,#4bee62
Bulgan,MN,#dbe2bf
Uvs,MN,#0b201e
Selenge,MN,#b294c7
Zabaykalsky_Krai,RU,#c519ea
Dzavhan,MN,#f7f4f6
Hentiy,MN,#bdf5f6
Heilongjiang,CN,#1f2e11
Amur,RU,#a25d6b
Yevrey,RU,#13c4a1
Khabarovsk,RU,#cda6f9
Primor_ye,RU,#23201c
Jilin,CN,#d5cdc8
Hamgyŏng-bukto,KP,#180b0d
Rasŏn,KP,#597b88
Ryanggang,KP,#1ea146
Chagang-do,KP,#d4d6e1
Liaoning,CN,#0f035c
Phyŏngan-bukto,KP,#1d8221
Sirdaryo,UZ,#88c3d9
Jizzakh,UZ,#e6e8ed
Samarkand,UZ,#f0f8d9
Kashkadarya,UZ,#e6f5ed
Surkhandarya,UZ,#741b53
Khatlon,TJ,#eba4b5
Takhar,AF,#69bcab
Kunduz,AF,#0e1317
Balkh,AF,#3de0e6
Chardzhou,TM,#462741
Jawzjan,AF,#7c7861
Faryab,AF,#6f0b84
Mary,TM,#378cac
Badghis,AF,#99cad6
Hirat,AF,#bcf1f0
Ahal,TM,#07ea5c
Hasaka,SY,#fefce1
Mardin,TR,#222529
Ar_Raqqah,SY,#8b5c77
Sanliurfa,TR,#89026b
Aleppo,SY,#060301
Kilis,TR,#063706
Gaziantep,TR,#c8dceb
Hatay,TR,#257a6d
Idlib,SY,#9e6b7d
Lattakia,SY,#3eba0d
Halabja,IQ,#ecfebb
As-Sulaymaniyah,IQ,#bbd2b7
Diyala,IQ,#e1f6d1
Wasit,IQ,#cf82a6
Maysan,IQ,#a42aa5
Irbid,JO,#d8dfbe
Madaba,JO,#b8b7b3
Karak,JO,#ef9240
Tafilah,JO,#c1b1e2
Aqaba,JO,#406163
Balqa,JO,#5566be
Uttar_Pradesh,IN,#141753
Bihar,IN,#000000
Kachin,MM,#71246c
Sagaing,MM,#c7b0b6
Nagaland,IN,#302733
Manipur,IN,#933295
Mizoram,IN,#b5e19a
Chiang_Rai,TH,#afd0bb
Shan,MM,#eeedf2
Chiang_Mai,TH,#204518
Mae_Hong_Son,TH,#050407
Kayah,MM,#2c2f37
Kayin,MM,#faf3f1
Tak,TH,#8b9889
Kanchanaburi,TH,#b49dae
Mon,MM,#5701a8
Tanintharyi,MM,#4f741f
Prachuap_Khiri_Khan,TH,#2e2441
Phetchaburi,TH,#e8eced
Ratchaburi,TH,#b3a994
Chumphon,TH,#8bc6be
Ranong,TH,#fc2d63
Bokeo,LA,#98c7bc
Xaignabouri,LA,#bec9c6
Phayao,TH,#daf30a
Nan,TH,#a11bd2
Uttaradit,TH,#6600a1
Phitsanulok,TH,#3c5f49
Loei,TH,#21e8d8
Bueng_Kan,TH,#ebcade
Bolikhamxai,LA,#7e0571
Nong_Khai,TH,#efe5f2
Nakhon_Phanom,TH,#c3dcc1
Khammouan,LA,#a57684
Savannakhét,LA,#cbfce2
Mukdahan,TH,#72116a
Amnat_Charoen,TH,#a9bab8
Saravan,LA,#ddd8f3
Vientiane_prefecture,LA,#055a57
Vientiane,LA,#fcfdfd
Champasak,LA,#ad1a85
Điện_Biên,VN,#fafbfa
Louangphrabang,LA,#ecf3ef
Houaphan,LA,#fad161
Son_La,VN,#55596c
Thanh_Hóa,VN,#1e012c
Nghệ_An,VN,#d0bc91
Xiangkhoang,LA,#8ed3e5
Ha_Tinh,VN,#690014
Quảng_Bình,VN,#34380b
Quảng_Trị,VN,#2f0b42
Thừa_Thiên_-_Huế,VN,#81ca81
Xékong,LA,#010402
Quàng_Nam,VN,#eff8f3
Attapu,LA,#7db435
Mokhotlong,LS,#1d6422
Butha_Buthe,LS,#0b0f0a
Leribe,LS,#355b7c
Qacha_s_Nek,LS,#2fa291
Thaba_Tseka,LS,#8f6a84
Berea,LS,#000000
Maseru,LS,#5f605d
Mafeteng,LS,#5599bc
Mohale_s_Hoek,LS,#808295
Quthing,LS,#33253e
Kgatleng,BW,#24218e
South_East,BW,#040405
Southern,BW,#163519
Kgalagadi,BW,#a9ccd2
Masvingo,ZW,#f9fefd
Lusaka,ZM,#5f5a9d
Mashonaland_West,ZW,#d0f6f9
Mashonaland_Central,ZW,#0df2b4
Southern,ZM,#720743
Kémo,CF,#d2cbd0
Ouaka,CF,#c0c3bc
Basse_Kotto,CF,#75796e
Mbomou,CF,#292491
Bangui,CF,#422f3c
Ombella_M_Poko,CF,#dbdedd
Lobaye,CF,#a6b394
Kagera,TZ,#ddb1f6
Cankuzo,BI,#bcafde
Ruyigi,BI,#cbf786
Rutana,BI,#1d1a1f
Makamba,BI,#98ae7f
Bubanza,BI,#061401
Rumonge,BI,#c4cad5
Bujumbura_Rural,BI,#6113b8
Bujumbura_Mairie,BI,#eb6cb1
Bururi,BI,#f8f8f9
Amhara,ET,#70194c
Gedarif,SD,#fa730f
Tigray,ET,#14efd3
Benshangul_Gumaz,ET,#e9eae9
Blue_Nile,SD,#281d09
Sennar,SD,#cb69fe
Gambela_Peoples,ET,#514045
Oromiya,ET,#68c32c
Sila,TD,#e9f8db
Salamat,TD,#c5ed9e
Bamingui_Bangoran,CF,#375d2e
Moyen-Chari,TD,#ccd3cc
Ouham,CF,#bc83ec
Mandoul,TD,#88857f
Logone_Oriental,TD,#5c5853
Ouham_Pendé,CF,#de535d
Sud,CM,#6e664d
Wouleu_Ntem,GA,#4fcc58
Sangha,CG,#eeb34d
Ogooué_Ivindo,GA,#541ab5
Cuvette_Ouest,CG,#051ed8
Haut_Ogooué,GA,#797ff0
Ogooué_Lolo,GA,#e2f0df
Ngounié,GA,#131516
Lékoumou,CG,#d24dab
Nyanga,GA,#a3bb84
Hadjer-Lamis,TD,#e1e0e9
Extrême_Nord,CM,#758956
Chari-Baguirmi,TD,#1a1905
Ville_de_N_Djamena,TD,#938fda
Mayo-Kebbi_Est,TD,#a38890
Mayo-Kebbi_Ouest,TD,#c2c8d9
Nord,CM,#fdf9f6
Adamawa,NG,#6daa61
Adamaoua,CM,#d6f9d9
Taraba,NG,#e0c7f6
Nord_Ouest,CM,#b6c0a9
Sud_Ouest,CM,#8c33b6
Benue,NG,#775246
Cross_River,NG,#3d2830
Sokoto,NG,#e7e7e7
Tahoua,NE,#270427
Dosso,NE,#22f745
Diffa,NE,#a6dfeb
Maradi,NE,#e1eee7
Zamfara,NG,#7ad5d0
Yobe,NG,#66a4dd
Zinder,NE,#f6f1f8
Katsina,NG,#293d3b
Jigawa,NG,#421051
Tillabéri,NE,#3a3735
Tapoa,BF,#070607
Atakora,BJ,#f6fdfc
Kompienga,BF,#e0d5dc
Savanes,TG,#0f120b
Kara,TG,#b765c8
Centre,TG,#fecbe3
Plateaux,TG,#4a3941
Maritime,TG,#3e131b
Léraba,BF,#49475c
Komoé,BF,#7431fc
Poni,BF,#562c03
Noumbiel,BF,#697441
Oudalan,BF,#ccc4c1
Soum,BF,#cdfccb
Mopti,ML,#201e21
Loroum,BF,#7d6588
Yatenga,BF,#56402d
Sourou,BF,#c5c948
Kossi,BF,#164177
Ségou,ML,#54b354
Banwa,BF,#7643a2
Sikasso,ML,#e309e6
Houet,BF,#050803
Kénédougou,BF,#348599
Nimba,LR,#9cade5
Grand_Gedeh,LR,#a88e15
River_Gee,LR,#61644f
Maryland,LR,#242421
Macenta,GN,#142811
Yomou,GN,#0a3377
Bong,LR,#523576
Nzérékoré,GN,#8cf9c4
Gaoual,GN,#2b2b24
Gabú,GW,#878786
Boke,GN,#e3efa8
Tombali,GW,#47622b
Siguiri,GN,#5a635a
Koulikoro,ML,#0286cb
Koubia,GN,#eefeeb
Tougué,GN,#90709f
Dinguiraye,GN,#283b1c
Stœng_Trêng,KH,#d9bf0c
Hà_Giang,VN,#f9f1fc
Guangxi,CN,#080d0b
Cao_Bằng,VN,#ded185
Lào_Cai,VN,#dbd4db
Lai_Chau,VN,#effced
Lạng_Sơn,VN,#044251
Quảng_Ninh,VN,#1f2932
Brunei_and_Muara,BN,#953c92
Tutong,BN,#230a41
Belait,BN,#424340
Tripura,IN,#fee5fc
Sylhet,BD,#e9d4e6
Meghalaya,IN,#f5f3fc
Rangpur,BD,#313811
Rajshahi,BD,#a7b4c2
Khulna,BD,#2c2a2d
Cabo_Delgado,MZ,#d5c1ee
Mtwara,TZ,#ab9f8e
Niassa,MZ,#892d20
Minnesota,US,#b5b5b2
Ontario,CA,#085d3e
Washington,US,#788db7
British_Columbia,CA,#ed12d1
Idaho,US,#c0cff1
Montana,US,#1a7805
Alberta,CA,#036608
Saskatchewan,CA,#020302
North_Dakota,US,#ebf1e8
Manitoba,CA,#dddbda
Michigan,US,#397b30
Maine,US,#f4e5f4
Québec,CA,#e3ace1
New_Brunswick,CA,#0a0a09
Ohio,US,#071615
New_Hampshire,US,#cbf679
New_York,US,#bdb5ae
Vermont,US,#1b64c8
Pennsylvania,US,#8ddbde
Arizona,US,#60e1b8
Sonora,MX,#f8fbd2
Baja_California,MX,#9da5c4
California,US,#61c64d
New_Mexico,US,#225d38
Chihuahua,MX,#151b1c
Texas,US,#f6cbf8
Coahuila,MX,#c11c20
Tamaulipas,MX,#f8d7f6
Nuevo_León,MX,#403c09
Cayo,BZ,#1caf8e
Petén,GT,#54533f
Orange_Walk,BZ,#5e4877
Corozal,BZ,#838a86
Quintana_Roo,MX,#100d0b
Campeche,MX,#010201
Tabasco,MX,#e3e934
Chiapas,MX,#7f9e99
San_Marcos,GT,#e4e5e4
Huehuetenango,GT,#93bb72
Quiché,GT,#446b1e
Alta_Verapaz,GT,#0d1212
Guanacaste,CR,#bce2e9
Rivas,NI,#05092c
Izabal,GT,#fef9fe
Cortés,HN,#cfe6e0
Santa_Bárbara,HN,#dbdd62
Copán,HN,#b27bfc
Zacapa,GT,#83aaaa
Naso_Tjër_Di,PA,#a91e69
Bocas_del_Toro,PA,#d9f0e5
Puntarenas,CR,#d3d25a
Chiriquí,PA,#dce3ca
Guna_Yala,PA,#dec9ec
Chocó,CO,#fbe6d0
Emberá,PA,#adafce
Darién,PA,#e9b5f0
Barima_Waini,GY,#a093bc
Delta_Amacuro,VE,#c0c8e7
Bolívar,VE,#f39b54
Amazonas,BR,#4d2e4b
Guainía,CO,#3e4b16
Vaupés,CO,#e2e0e3
Amazonas,CO,#4e1b13
Loreto,PE,#daf0c7
Orellana,EC,#fbd5fe
Pastaza,EC,#0f080c
Morona_Santiago,EC,#fbeaea
Amazonas,PE,#021111
Zamora_Chinchipe,EC,#0a0f0e
Cajamarca,PE,#13446e
Loja,EC,#01e074
Tumbes,PE,#a5d6d2
El_Oro,EC,#d6e5e1
Piura,PE,#42316c
Amazonas,VE,#2f382b
Chuquisaca,BO,#0c0a09
Ucayali,PE,#a0b152
Pando,BO,#181849
Rondônia,BR,#45c8ae
El_Beni,BO,#0d1c19
Mato_Grosso,BR,#fadfcf
Puno,PE,#f9a0d6
Catamarca,AR,#3659f1
Atacama,CL,#6f2cdf
La_Rioja,AR,#28447d
San_Juan,AR,#b7a7bc
Coquimbo,CL,#20c9ab
Mendoza,AR,#e2add2
Región_Metropolitana_de_Santiago,CL,#fef9f7
Valparaíso,CL,#4f2914
Ñuble,CL,#a9c2c1
Maule,CL,#e95e85
Libertador_General_Bernardo_O_Higgins,CL,#262727
Neuquén,AR,#aecfc8
Bío_Bío,CL,#663433
La_Araucanía,CL,#0f0606
Los_Ríos,CL,#1f1f28
Chubut,AR,#d63160
Los_Lagos,CL,#bff8bf
Río_Negro,AR,#45428b
Aisén_del_General_Carlos_Ibáñez_del_Campo,CL,#869e75
Santa_Cruz,AR,#7777e4
Magallanes_y_Antártica_Chilena,CL,#bc9ac1
Tierra_del_Fuego,AR,#46bd40
Zulia,VE,#13290a
La_Guajira,CO,#dae5d2
Cesar,CO,#b6cdc3
Norte_de_Santander,CO,#565946
Táchira,VE,#f0fdee
Apure,VE,#762956
Arauca,CO,#e59b84
Boyacá,CO,#deea8b
Vichada,CO,#000000
Sandaun,PG,#c1a174
Western,PG,#72aa3b
Balkan,TM,#0c0b07
Mangghystau,KZ,#1a1e15
Qyzylorda,KZ,#ecdf6f
Karakalpakstan,UZ,#2dd072
Aqtöbe,KZ,#72315f
Navoi,UZ,#4d7190
Tashauz,TM,#f6b2f7
Khorezm,UZ,#4572d8
Bukhoro,UZ,#f1f3f0
Nimroz,AF,#d4ada1
Farah,AF,#c87ac9
Kunar,AF,#f1e2f9
Nuristan,AF,#c4cdc8
Nangarhar,AF,#590afb
Khost,AF,#1c1526
Paktya,AF,#eee3e3
Baluchistan,PK,#e4deef
Paktika,AF,#400f6a
Zabul,AF,#a69af1
Kandahar,AF,#030d16
Hilmand,AF,#84a06b
North_Kazakhstan,KZ,#b62d9e
Tyumen_,RU,#6891f9
Kurgan,RU,#55fae1
Omsk,RU,#c2a697
Qostanay,KZ,#45424b
Pavlodar,KZ,#e1d6fd
Novosibirsk,RU,#157c4f
Chelyabinsk,RU,#8d74f7
Altay,RU,#c1c3d4
Mafraq,JO,#634244
As_Suwayda_,SY,#2d4227
Dar_a,SY,#eccf6b
Shamal_Sina_,EG,#2a2b6d
Al-Anbar,IQ,#a1a99c
An-Najaf,IQ,#c3b1cc
Ma_an,JO,#3ce9ef
Amman,JO,#a58e46
Zarqa,JO,#ebf1bc
Al_Ahmadi,KW,#0e071a
Ninawa,IQ,#26042b
Dayr_Az_Zawr,SY,#1f9ec8
Dhofar,OM,#3a113c
Al_Mahrah,YE,#46c76d
Socotra,YE,#bebec1
Hadramawt,YE,#4b7cd6
Al_Wusta,OM,#9cf1c4
Sa_dah,YE,#67f6cf
Hajjah,YE,#b9406b
Al_Jawf,YE,#491499
Al_Kufrah,LY,#0b0704
Murzuq,LY,#b0bfb8
Tibesti,TD,#94c9a9
Agadez,NE,#2f3b04
Tiris_Zemmour,MR,#495efc
Kanem,TD,#191014
Northern,SD,#221a03
Aswan,EG,#fbfbfe
Al_Wadi_at_Jadid,EG,#d7b6bf
Al_Bahr_al_Ahmar,EG,#806535
River_Nile,SD,#dccefb
Red_Sea,SD,#d8ede1
Dakhlet_Nouadhibou,MR,#702b54
Adrar,MR,#7389f8
Jendouba,TN,#caa8f5
Kebili,TN,#a280f9
Tozeur,TN,#494808
Gafsa,TN,#0a772e
Kassérine,TN,#5772b6
Le_Kef,TN,#3b2f10
Kidal,ML,#b7f8c3
North_Darfur,SD,#e4d7f6
Western_Darfur,SD,#040500
Ouaddaï,TD,#053217
Wadi_Fira,TD,#c424f9
Al_Butnan,LY,#f5faf3
Matruh,EG,#fdfcfc
Ajdabiya,LY,#545d55
Bafatá,GW,#1a231d
Oio,GW,#5a6039
Sédhiou,SN,#9f90a7
Cacheu,GW,#3bfe80
Ziguinchor,SN,#19201d
Jubbada_Hoose,SO,#0c210a
Mara,TZ,#303130
Arusha,TZ,#060d09
Kilimanjaro,TZ,#786b82
Tanga,TZ,#e33ad1
Rakai,UG,#61e8c4
Kalangala,UG,#534048
Buvuma,UG,#15e6b7
Mayuge,UG,#7d4dc4
Namayingo,UG,#18613c
Litoral,GQ,#5f8669
Kié_Ntem,GQ,#09090e
Centro_Sur,GQ,#9092e1
Wele_Nzás,GQ,#cffa4b
Estuaire,GA,#f5f9f2
Brakna,MR,#212221
Saint-Louis,SN,#010201
Trarza,MR,#1dfaed
Gorgol,MR,#fbeffe
Matam,SN,#f1f0f0
Guidimaka,MR,#1f221b
Hodh_ech_Chargui,MR,#b90250
Hodh_el_Gharbi,MR,#58132f
Assaba,MR,#1f5431
Western,ZM,#e7646d
Cuando_Cubango,AO,#a0e6f8
Moxico,AO,#070411
North_Western,ZM,#657276
Namibe,AO,#381d35
Kunene,NA,#08030e
Cunene,AO,#2b2700
Omusati,NA,#035407
Ohangwena,NA,#613c6b
Tete,MZ,#72eaf5
Mashonaland_East,ZW,#d8c7cc
Manica,MZ,#ececeb
Manicaland,ZW,#61b077
Gaza,MZ,#92dfcc
Zaire,AO,#153003
Uíge,AO,#39445e
Lunda_Norte,AO,#87662c
Malanje,AO,#490607
Lunda_Sul,AO,#0e0b0d
Hardap,NA,#2b2b2a
Otjozondjupa,NA,#4545de
Omaheke,NA,#fef1f1
Ghanzi,BW,#8d8576
Central_River,GM,#c42b6c
Kaffrine,SN,#b27979
North_Bank,GM,#586054
Kaolack,SN,#65859c
Upper_River,GM,#6cc087
Lower_River,GM,#d3e9e0
Fatick,SN,#072b00
West_Coast,GM,#fdfbf4
Ash_Shati_,LY,#ca8a79
Ghat,LY,#ead1d6
Séno,BF,#ca4b7e
Yagha,BF,#f9f6fd
Komondjari,BF,#0c0417
Sangha_Mbaéré,CF,#880f62
Est,CM,#39dcac
Nana_Mambéré,CF,#949393
Mambéré_Kadéï,CF,#142910
Kaabong,UG,#463941
Kitgum,UG,#5ed235
Lamwo,UG,#374f86
Amuru,UG,#5879a5
Adjumani,UG,#2f2b26
Moyo,UG,#682150
Yumbe,UG,#5fceea
Koboko,UG,#5b3020
Hhohho,SZ,#28332b
Manzini,SZ,#0e0e03
Shiselweni,SZ,#fdfcfd
Luapula,ZM,#40bc33
Copperbelt,ZM,#8748c1
Central,ZM,#696520
Koulpélogo,BF,#22975c
Boulgou,BF,#6eb3df
Donga,BJ,#f9b0d6
Zou,BJ,#35decc
Kouffo,BJ,#04030a
Mono,BJ,#2b4e3d
Nahouri,BF,#000203
Sissili,BF,#0d102a
Ioba,BF,#1c8376
Nkhotakota,MW,#130a21
Salima,MW,#67c078
Mangochi,MW,#c8cecf
Machinga,MW,#584285
Dedza,MW,#3aab92
Lilongwe,MW,#d4abab
Nsanje,MW,#1d1b0c
Chikwawa,MW,#0c4141
Mwanza,MW,#6a0167
Neno,MW,#494a49
Ntcheu,MW,#c6c5c6
Zomba,MW,#49aa27
Zambezia,MZ,#cdbbae
Phalombe,MW,#eee9f0
Mulanje,MW,#c48da9
Thyolo,MW,#162a2d
Moroto,UG,#d3e7ca
Kapchorwa,UG,#562217
Bukwa,UG,#1f231a
Amudat,UG,#c1c6c4
Busia,UG,#3fcdf0
Tororo,UG,#17625e
Manafwa,UG,#8ec66f
Bududa,UG,#189199
Maracha,UG,#171616
Arua,UG,#15353a
Zombo,UG,#b2afc0
Nebbi,UG,#6a56c3
Buliisa,UG,#9549d0
Hoima,UG,#272629
Ntoroko,UG,#b39d88
Bundibugyo,UG,#0f1609
Kabarole,UG,#4c2d76
Kasese,UG,#6b7853
Rubirizi,UG,#6a5b64
Rukungiri,UG,#141413
Kanungu,UG,#4c8581
Semenawi_Keyih_Bahri,ER,#fafafd
Anseba,ER,#d1fbcc
Gash_Barka,ER,#34db4c
Kassala,SD,#566d64
Debub,ER,#b37ed5
Punjab,IN,#dafdeb
Rajasthan,IN,#f7f4a8
Alaska,US,#918c8a
Yukon,CA,#c47190
White_Nile,SD,#150f06
North,HK,#4d5328
Guangdong,CN,#4d0a48
Eastern_Darfur,SD,#bca7f6
Himachal_Pradesh,IN,#6c47e4
Kashmir,OT,#bbba94
Quneitra,SY,#f5f4ec
Toledo,BZ,#b84af7
Thimphu,BT,#fa2fe4
Paro,BT,#03c64c
Gasa,BT,#7af516
Guria,GE,#d9caca
Sala_ad-Din,IQ,#020302
At-Ta_mim,IQ,#17d042
Auckland_Islands,NZ,#d5c392
Buenos_Aires,AR,#ca1fd4
Maranhão,BR,#606920
Piauí,BR,#d0d2cb
Ceará,BR,#f4659b
Rio_Grande_do_Norte,BR,#180305
Paraíba,BR,#0f0e0e
Pernambuco,BR,#677639
Alagoas,BR,#9cdbc0
Sergipe,BR,#27d2c8
Bahia,BR,#f78adf
Espírito_Santo,BR,#efebf2
Rio_de_Janeiro,BR,#efedf0
São_Paulo,BR,#c97202
Maldonado,UY,#cbc8d0
Canelones,UY,#d0fbd6
Montevideo,UY,#56401b
San_José,UY,#af665e
Colonia,UY,#0e2525
Soriano,UY,#563e39
Río_Negro,UY,#95867a
Ciudad_de_Buenos_Aires,AR,#93c4af
Nord,NC,#c3c0c1
Western_Australia,AU,#d334b3
Northern_Territory,AU,#ed62ad
Boeny,MG,#1644a1
Sofia,MG,#f788f1
Diana,MG,#337211
Sava,MG,#9728d7
Analanjirofo,MG,#f7fcf9
Atsinanana,MG,#7706eb
Vatovavy_Fitovinany,MG,#8b6adf
Atsimo_Atsinanana,MG,#95f38e
Anosy,MG,#2b2a2b
Androy,MG,#5e6659
Atsimo_Andrefana,MG,#352a35
Menabe,MG,#9fa2a0
Melaky,MG,#311108
South_Australia,AU,#bca897
Queensland,AU,#721f3c
New_South_Wales,AU,#fbaedf
Jervis_Bay_Territory,AU,#26bde3
Victoria,AU,#cd86c5
Cuanza_Sul,AO,#4d5a5e
Benguela,AO,#239264
Erongo,NA,#333409
Maputo_City,MZ,#408e01
Inhambane,MZ,#211a18
Sofala,MZ,#4fd8d6
Nampula,MZ,#ecdfe2
Lindi,TZ,#cdc0b0
Pwani,TZ,#f9fef5
Dar_Es_Salaam,TZ,#514b52
Jawa_Timur,ID,#90a39e
Maluku,ID,#909162
Nusa_Tenggara_Barat,ID,#e8e7e7
Sulawesi_Selatan,ID,#023505
Jawa_Tengah,ID,#673126
Jawa_Barat,ID,#93b49a
Daerah_Khusus_Ibukota,ID,#000000
Banten,ID,#cfbd6a
Daerah_Istimewa_Yogyakarta,ID,#fdf6fb
Sulawesi_Tenggara,ID,#280342
Papua_Barat,ID,#14d3b2
Papua_Barat_Daya,ID,#dcdad7
Guayas,EC,#1b1618
Sulawesi_Tengah,ID,#caa5ca
Maluku_Utara,ID,#030601
Galápagos,EC,#fbf4f0
East_Sepik,PG,#e99ccd
Madang,PG,#95e4de
Morobe,PG,#060609
Northern,PG,#8f6c84
Milne_Bay,PG,#3f4a27
Central,PG,#36c62f
National_Capital_District,PG,#10231c
Gulf,PG,#3d3026
Kepulauan_Riau,ID,#f8ede1
Riau,ID,#0bb23e
Gorontalo,ID,#c16e9f
Sulawesi_Utara,ID,#53e071
Sulawesi_Barat,ID,#283037
Cauca,CO,#fcf2f1
Moquegua,PE,#e6cfe6
Arequipa,PE,#0f0312
Ica,PE,#a28fa1
Lima,PE,#9aed2e
Lima_Province,PE,#a1e7ea
Callao,PE,#80b990
Ancash,PE,#7ea5a3
La_Libertad,PE,#27282e
Lambayeque,PE,#050c03
Santa_Elena,EC,#232b1e
Manabi,EC,#752bd0
Valle_del_Cauca,CO,#0b0310
Panama,PA,#3d8f92
Panama_Oeste,PA,#ea2b73
Coclé,PA,#8d888b
Sulu,PH,#9db81f
Jambi,ID,#b2d1c5
Sumatra_Selatan,ID,#c5f8c9
Lampung,ID,#918774
Bengkulu,ID,#197384
Sumatra_Barat,ID,#2a0a5b
Sumatra_Utara,ID,#552b28
Aceh,ID,#db5cca
Essequibo_Islands_West_Demerara,GY,#fd72f2
Kalimantan_Tengah,ID,#ecc3ca
Kalimantan_Selatan,ID,#13060b
Davao_del_Norte,PH,#f2aa63
Veraguas,PA,#899869
Zamboanga_Sibugay,PH,#a3c629
Palawan,PH,#580b24
Sóc_Trăng,VN,#e5df7c
Dinagat_Islands,PH,#b00fa7
Surigao_del_Norte,PH,#f1b77e
Surigao_del_Sur,PH,#bbfa77
Agusan_del_Norte,PH,#090407
Butuan,PH,#1a5533
Misamis_Oriental,PH,#1b34ec
Cagayan_de_Oro,PH,#4ff439
Iligan,PH,#2f421b
Lanao_del_Norte,PH,#e9675a
Zamboanga_del_Sur,PH,#b9bbca
Misamis_Occidental,PH,#7c8160
Zamboanga_del_Norte,PH,#1c0336
Zamboanga,PH,#cfd3d4
Lanao_del_Sur,PH,#3da718
Maguindanao_del_Sur,PH,#d6efd9
Maguindanao_del_Norte,PH,#74c7d1
Cotabato_City,PH,#eae3e7
Sultan_Kudarat,PH,#3f1233
Sarangani,PH,#030100
General_Santos,PH,#160d1c
Davao,PH,#d0cf95
Compostela_Valley,PH,#1b1b16
Davao_Oriental,PH,#f7f5f0
Trikuṇāmalaya,LK,#d58cd2
Mulativ,LK,#09d891
Yāpanaya,LK,#120308
Kilinŏchchi,LK,#6aa356
Mannārama,LK,#d9ccbc
Puttalama,LK,#f9f3d8
Gampaha,LK,#8cd4e1
Kŏḷamba,LK,#fdfcfd
Davao_del_Sur,PH,#f2c0fd
Davao_Occidental,PH,#618e7c
Kaḷutara,LK,#0e4512
Gālla,LK,#5e1b2c
Mātara,LK,#37401d
Hambantŏṭa,LK,#62db6d
Ampāra,LK,#61705f
Maḍakalapuva,LK,#9c4356
Southern_Leyte,PH,#5d80d0
Tiền_Giang,VN,#3d09b2
Bà_Rịa–Vũng_Tàu,VN,#755d9e
Krong_Preah_Sihanouk,KH,#060505
Ho_Chí_Minh_city,VN,#3d263d
Leyte,PH,#3f3d3a
Eastern_Samar,PH,#261a11
Biliran,PH,#8ed956
Samar,PH,#0a8340
Khánh_Hòa,VN,#2e2061
Curaçao,CW,#8f8fee
Colón,PA,#c95f12
Antioquia,CO,#bad392
Córdoba,CO,#672665
Sucre,CO,#d1a6cb
Bolívar,CO,#060911
Atlántico,CO,#0f2cc0
Magdalena,CO,#e972a7
Mérida,VE,#c8b56b
Trujillo,VE,#99deb1
Falcón,VE,#eef0e7
Yaracuy,VE,#9af3b3
Carabobo,VE,#662c0f
Aragua,VE,#0e102d
La_Guaira,VE,#09158a
Miranda,VE,#a0f1e1
Anzoátegui,VE,#000101
Sucre,VE,#479346
Monagas,VE,#92c50a
Pomeroon_Supenaam,GY,#ccc4f7
Upper_Demerara_Berbice,GY,#fb6308
Demerara_Mahaica,GY,#b4b9b6
Mahaica_Berbice,GY,#83458e
Coronie,SR,#252980
Saramacca,SR,#010100
Wanica,SR,#b5b09e
Paramaribo,SR,#381cb1
Commewijne,SR,#010106
Aruba,AW,#b5b8b8
Sud,HT,#793f0c
Ondo,NG,#332174
Delta,NG,#fdfafc
Bayelsa,NG,#e5f5e0
Rivers,NG,#2f141e
Akwa_Ibom,NG,#3c3b37
Littoral,CM,#403241
Ogooué_Maritime,GA,#720b2f
Pointe_Noire,CG,#111702
Luanda,AO,#000000
Bengo,AO,#106b68
Surt,LY,#133227
Misratah,LY,#cc2337
Al_Marqab,LY,#24f5b2
Tajura__wa_an_Nawahi_al_Arba,LY,#7112db
Az_Zawiyah,LY,#1b0c0f
Gabès,TN,#d9dad9
Sfax,TN,#450c27
Mahdia,TN,#77a22d
Monastir,TN,#a1aaca
Sousse,TN,#d60c07
Nabeul,TN,#6f8e7b
Ben_Arous_Tunis_Sud,TN,#9cd493
Tunis,TN,#f5f5fe
Manouba,TN,#8aacb1
Ariana,TN,#999e9e
Bizerte,TN,#cdb6bf
Béja,TN,#b6d5cc
Inchiri,MR,#0e1f1e
Nouakchott,MR,#2c272b
Louga,SN,#000100
Thiès,SN,#24b112
Dakar,SN,#0e0603
Banjul,GM,#dff3ca
Biombo,GW,#4e4b21
Bissau,GW,#d698ef
Quinara,GW,#cac4d5
Bolama,GW,#7f4072
Boffa,GN,#666c71
Conakry,GN,#8c8184
Dubréka,GN,#cceaef
Coyah,GN,#60193f
Western,SL,#b1b2b2
Bomi,LR,#2a4821
Montserrado,LR,#cccbcc
Margibi,LR,#000d08
Grand_Bassa,LR,#211e21
River_Cess,LR,#81e4a9
Sinoe,LR,#fdccfd
Grand_Kru,LR,#eeeeb9
Atlantique,BJ,#257a25
Littoral,BJ,#e8a19d
Colima,MX,#07420f
Grand_Anse,HT,#644153
Aurora,PH,#2ff89c
Quezon,PH,#1584a4
Camarines_Norte,PH,#0d2e78
Camarines_Sur,PH,#c4b1ee
Albay,PH,#3c63e1
Sorsogon,PH,#94e930
Lucena,PH,#060009
Batangas,PH,#13643b
Cavite,PH,#47659c
Las_Pinas,PH,#baf566
Paranaque,PH,#0c2b04
Pasay,PH,#e7fef2
Manila,PH,#0a000d
Navotas,PH,#f7fe35
Bulacan,PH,#0ee386
Pampanga,PH,#eeeae7
Bataan,PH,#122225
Olongapo,PH,#0a0d1b
Zambales,PH,#adaed2
Pangasinan,PH,#e6e6df
Dagupan,PH,#561d45
La_Union,PH,#08234f
Ilocos_Sur,PH,#8757be
Ilocos_Norte,PH,#20db2d
Cagayan,PH,#0d2c17
Isabela,PH,#f7648a
Nord_Ouest,HT,#e928b0
Hainan,CN,#955f2a
Nayarit,MX,#25101f
Inagua,BS,#c8ae31
Providenciales_and_West_Caicos,TC,#fdc2fc
South_Caicos_and_East_Caicos,TC,#ecf1ef
Middle_Caicos,TC,#89f2ec
North_Caicos,TC,#7b8c61
Mayaguana,BS,#f7f7fa
Acklins,BS,#0c0b03
Fujian,CN,#1657cd
Baja_California_Sur,MX,#9eb8bf
Jubbada_Dhexe,SO,#fea891
Shabeellaha_Hoose,SO,#4f5437
Banaadir,SO,#d2d6c5
Shabeellaha_Dhexe,SO,#fbfee1
Djibouti,DJ,#edfce9
As_Suways,EG,#88c439
Janub_Sina_,EG,#06211e
Al_Hudaydah,YE,#eef5f0
Ta_izz,YE,#060908
Lahij,YE,#aa7be4
Adan,YE,#abea79
Abyan,YE,#8cb8e9
Shabwah,YE,#2a2958
Ash_Sharqiyah_South,OM,#433b38
Ash_Sharqiyah_North,OM,#244d99
Muscat,OM,#20f320
Al_Batnah_South,OM,#fef7ed
Umm_Al_Qaywayn,AE,#c588f9
Ajman,AE,#d4d3e0
Al_Wakrah,QA,#d7968c
Ad_Dawhah,QA,#ebc246
Al_Daayen,QA,#314039
Al_Khawr,QA,#1fa27f
Madinat_ach_Shamal,QA,#0d0439
Mubarak_Al-Kabeer,KW,#b5c1f8
Hawalli,KW,#8eefec
Al_Asimah,KW,#bbe4ec
Taoyuan,TW,#c2dce9
Hsinchu,TW,#b7d2af
Hsinchu_City,TW,#9bcfec
Miaoli,TW,#29502b
Taichung_City,TW,#aa6bc4
Changhua,TW,#369497
Yunlin,TW,#3b362e
Chiayi,TW,#74fa59
Tainan_City,TW,#bced76
Kaohsiung_City,TW,#4c353c
Pingtung,TW,#bec4db
Taitung,TW,#67786d
Hualien,TW,#c59cbd
Yilan,TW,#84b45d
New_Taipei_City,TW,#f8e4db
Keelung_City,TW,#3708ad
Sinaloa,MX,#f9f4f2
Louisiana,US,#7f23aa
Mississippi,US,#d3e8f6
Alabama,US,#3ca543
Florida,US,#5bdec7
Georgia,US,#adacaa
South_Carolina,US,#632cc7
North_Carolina,US,#251883
District_of_Columbia,US,#ededed
Maryland,US,#11340d
Delaware,US,#5a2a5b
New_Jersey,US,#1f1414
Connecticut,US,#b7ac2e
Rhode_Island,US,#eeebe3
Massachusetts,US,#081d21
Ngöbe_Buglé,PA,#c4d0e1
Atlántico_Sur,NI,#3c1b23
Colón,HN,#0181bc
Atlántida,HN,#dcdee7
Stann_Creek,BZ,#c3cdfa
Belize,BZ,#b2ef86
Yucatán,MX,#700d43
Veracruz,MX,#f4dde5
Jalisco,MX,#d7d1cc
Michoacán,MX,#739b1c
Guerrero,MX,#bb468b
Oaxaca,MX,#b8b6bd
Retalhuleu,GT,#030a0e
Suchitepéquez,GT,#a8b9b0
Escuintla,GT,#aedbc2
Santa_Rosa,GT,#e6fdfc
Sonsonate,SV,#709811
La_Libertad,SV,#4e3131
La_Paz,SV,#7777a8
San_Vicente,SV,#c6dde9
Usulután,SV,#63597a
León,NI,#eeaead
Managua,NI,#97ad7e
Carazo,NI,#d3ddee
Los_Santos,PA,#bce9cd
Herrera,PA,#8e8e71
Zhejiang,CN,#f7e0eb
Shanghai,CN,#ab1a95
Jiangsu,CN,#7e7caf
Tel_Aviv,IL,#e619b3
Bur_Sa_id,EG,#738047
Ad_Daqahliyah,EG,#e99784
Ash_Sharqiyah,EG,#1d2100
Al_Isma_iliyah,EG,#959594
Dumyat,EG,#343641
Kafr_ash_Shaykh,EG,#403e3b
Al_Buhayrah,EG,#7cdb85
Al_Iskandariyah,EG,#3d3f42
Al_Qubbah,LY,#e7f2f1
Al_Jabal_al_Akhdar,LY,#582326
Al_Marj,LY,#6bd207
Benghazi,LY,#dfe13e
Oita,JP,#191c0e
Fukuoka,JP,#78977c
Saga,JP,#e3dee7
Nagasaki,JP,#fcf7f1
Kumamoto,JP,#321237
Miyazaki,JP,#4f1244
Tokushima,JP,#a7a0dd
Kagawa,JP,#e466f3
Ehime,JP,#d0d168
Kochi,JP,#101f43
Shimane,JP,#36614f
South_Chungcheong,KR,#3092d7
Yamaguchi,JP,#137c22
Tottori,JP,#576c62
Hyogo,JP,#9fd7dc
Kyoto,JP,#f18d76
Fukui,JP,#080307
Ishikawa,JP,#f4f4f9
Toyama,JP,#f1e9fa
Niigata,JP,#e1e8e4
Yamagata,JP,#f9746e
Akita,JP,#2d2824
Aomori,JP,#f0f7f2
Iwate,JP,#9d8e38
Miyagi,JP,#e6abb4
Fukushima,JP,#7161d4
Ibaraki,JP,#063f21
Chiba,JP,#c6eab9
Tokyo,JP,#908553
Kanagawa,JP,#c1e273
Shizuoka,JP,#f924b0
Aichi,JP,#1a090e
Mie,JP,#985d39
Wakayama,JP,#88705b
Osaka,JP,#8f5684
Okayama,JP,#151c1e
Hiroshima,JP,#939093
Oregon,US,#2d1b0a
Nunavut,CA,#83f6df
Newfoundland_and_Labrador,CA,#d0f3ec
Nova_Scotia,CA,#edf2f8
Hokkaido,JP,#bcba93
Saint_Pierre,PM,#b169da
Miquelon_Langlade,PM,#b1b7d2
Odisha,IN,#e28d67
Barisal,BD,#acaa9d
Ayeyarwady,MM,#1b1fcc
Yangon,MM,#dfc2fd
Bago,MM,#af83a2
Phangnga,TH,#833ed1
Krabi,TH,#efd4e5
Trang,TH,#bc1091
Pulau_Pinang,MY,#9e8fc6
Selangor,MY,#045739
Negeri_Sembilan,MY,#64eff7
Melaka,MY,#170b08
Johor,MY,#f507f8
Pahang,MY,#474d06
Trengganu,MY,#a7a1b6
Pattani,TH,#b2c79c
Phatthalung,TH,#30392e
Nakhon_Si_Thammarat,TH,#d9e0c5
Surat_Thani,TH,#7c42ad
Samut_Songkhram,TH,#ab6875
Samut_Sakhon,TH,#4f1e2f
Bangkok_Metropolis,TH,#a3f4ed
Samut_Prakan,TH,#120914
Chachoengsao,TH,#0b0602
Chon_Buri,TH,#130b04
Rayong,TH,#f55914
Kep,KH,#3c722f
Cà_Mau,VN,#3c1461
Bạc_Liêu,VN,#3f7869
Hau_Giang,VN,#8c5972
Vĩnh_Long,VN,#d4d8df
Trà_Vinh,VN,#7df922
Bến_Tre,VN,#dacac9
Đồng_Nai,VN,#2f8673
Bình_Thuận,VN,#f9856e
Ninh_Thuận,VN,#222523
Phú_Yên,VN,#ca6c39
Bình_Định,VN,#e79f58
Quảng_Ngãi,VN,#5a5d50
Đà_Nẵng,VN,#dadfdb
Ninh_Bình,VN,#192a23
Nam_Định,VN,#e6956d
Thái_Bình,VN,#c51234
Hải_Phòng,VN,#d0f1f5
Shandong,CN,#d3afa2
Hebei,CN,#853ed5
Tianjin,CN,#31780b
Nampo,KP,#0d4b60
Phyŏngan-namdo,KP,#689617
Hwanghae-namdo,KP,#c79eac
Incheon,KR,#78736b
North_Jeolla,KR,#56e5a0
South_Jeolla,KR,#89947d
South_Gyeongsang,KR,#bcbad5
Busan,KR,#d8f196
Ulsan,KR,#98240d
North_Gyeongsang,KR,#1c4a01
Hamgyŏng-namdo,KP,#030808
Magadan,RU,#07e302
Maharashtra,IN,#418e57
Goa,IN,#752116
Karnataka,IN,#5366aa
Kerala,IN,#2f581d
Puducherry,IN,#f8f3f6
Tamil_Nadu,IN,#e89f93
Sakhalin,RU,#336059
Istanbul,TR,#ccf6bd
Çanakkale,TR,#e8fae1
Chukchi_Autonomous_Okrug,RU,#d5d2aa
Yamal-Nenets,RU,#6c30bd
Northwest_Territories,CA,#182f45
Sakha_Yakutia,RU,#862121
Rize,TR,#bc9797
Trabzon,TR,#000000
Giresun,TR,#38281f
Ordu,TR,#e245c6
Samsun,TR,#e487c9
Sinop,TR,#affb5e
Kastamonu,TR,#0b0025
Bartın,TR,#629987
Zonguldak,TR,#7b9282
Düzce,TR,#2f501b
Sakarya,TR,#1d6c60
Kocaeli,TR,#d6cdee
Yalova,TR,#0e1c27
Bursa,TR,#113148
Balikesir,TR,#671244
Izmir,TR,#a27788
Aydin,TR,#e4e788
Mugla,TR,#122d17
Antalya,TR,#340172
Mersin,TR,#9ba071
Adana,TR,#e0ecf1
Krasnoyarsk,RU,#710411
Kommuneqarfik_Sermersooq,GL,#bb33fa
Nationalparken,GL,#faf5f3
Pituffik,GL,#5a93e1
Qeqqata_Kommunia,GL,#77057c
Kommune_Kujalleq,GL,#c677c5
Antarctica,AQ,#9a397d
Pitcairn_Islands,PN,#f8f7f1
Tuamotu_Gambier,PF,#845f69
Windward_Islands,PF,#eab2af
Iles_Eparses_de_l_ocean_Indien,TF,#6847f8
Leeward_Islands,PF,#d03bab
Outer_Islands,SC,#373c4e
La_Digue_and_Inner_Islands,SC,#cbfaf5
Kiribati,KI,#03bc33
Railik_Chain,MH,#a5307d
Ratak_Chain,MH,#faf0fb
Lakshadweep,IN,#545353
Nueva_Esparta,VE,#74381b
Tunapuna_Piarco,TT,#39b0c2
San_Juan_Laventille,TT,#0b0b20
Diego_Martin,TT,#330e3f
Port_of_Spain,TT,#bf86e7
Chaguanas,TT,#361b1f
Couva_Tabaquite_Talparo,TT,#8bf786
San_Fernando,TT,#0fc906
Penal_Debe,TT,#cbbeac
Siparia,TT,#8c6a19
Point_Fortin,TT,#481326
Princes_Town,TT,#771e06
Rio_Claro_Mayaro,TT,#d6f7f2
Sangre_Grande,TT,#b29de6
Dependencias_Federales,VE,#3c031e
Eastern_Tobago,TT,#ac33be
Western_Tobago,TT,#eac3de
Grenada,GD,#2a0916
Andaman_and_Nicobar,IN,#0fb699
Bonaire,NL,#e6ee65
San_Andrés_y_Providencia,CO,#055e35
Saint_Vincent_and_the_Grenadines,VC,#e6e3fc
Barbados,BB,#677084
St_Lucia,LC,#121b10
Martinique,FR,#e86161
Dominica,DM,#dfe0ab
Guadeloupe,FR,#855261
Islas_de_la_Bahía,HN,#89cefe
Johnston_Atoll,UM,#783431
Montseratt,MS,#26494d
Antigua_and_Barbuda,AG,#a4b9d5
St_Kitts_and_Nevis,KN,#080403
Saint_Croix,VI,#96656a
Saint_Barthélemy,BL,#5a7566
Puerto_Rico,PR,#071724
La_Altagracia,DO,#05020d
Saint_John,VI,#d1bb9e
Saint_Thomas,VI,#4c302f
British_Virgin_Islands,VG,#e1dcdc
Saint_Ann,JM,#f07265
Trelawny,JM,#21737a
Saint_James,JM,#32bb52
Hanover,JM,#af180c
Westmoreland,JM,#fdecfc
Saint_Elizabeth,JM,#e491a6
Manchester,JM,#2db5ce
Clarendon,JM,#5f8738
Saint_Catherine,JM,#103279
Saint_Andrew,JM,#824fe0
Kingston,JM,#6bb263
Saint_Thomas,JM,#021b2f
Portland,JM,#304d18
Saint_Mary,JM,#670c69
Cayman_Islands,KY,#7695a5
El_Seybo,DO,#dacae7
Hato_Mayor,DO,#75432a
Samaná,DO,#060d09
María_Trinidad_Sánchez,DO,#efeff2
Espaillat,DO,#190b06
Puerto_Plata,DO,#580c61
Nord,HT,#d617e8
L_Artibonite,HT,#7abb92
Nippes,HT,#570f72
Barahona,DO,#ccbef1
Azua,DO,#364d00
Peravia,DO,#626113
San_Cristóbal,DO,#0b2a40
Santo_Domingo,DO,#023b2f
Distrito_Nacional,DO,#efeced
San_Pedro_de_Macorís,DO,#20a727
La_Romana,DO,#7b7c7e
Camagüey,CU,#dbf2f2
Ciego_de_Ávila,CU,#202015
Holguín,CU,#3a1530
Grand_Turk,TC,#dfdadf
Isla_de_la_Juventud,CU,#c1f2e7
Crooked_Island_and_Long_Cay,BS,#d1c7e4
Sancti_Spíritus,CU,#f8fcf3
Villa_Clara,CU,#612a43
Matanzas,CU,#fba2b9
Exuma,BS,#96b3b1
Long_Island,BS,#060c19
Rum_Cay,BS,#009582
Black_Point,BS,#f6c5e3
San_Salvador,BS,#f6f7f7
Central_Andros,BS,#10694d
Mangrove_Cay,BS,#8f9a89
South_Andros,BS,#0b4572
Cat_Island,BS,#c6ecad
New_Providence,BS,#9ee87d
North_Andros,BS,#ef887e
Central_Eleuthera,BS,#79bc82
North_Eleuthera,BS,#2f3120
South_Eleuthera,BS,#162523
Berry_Islands,BS,#ecebec
Moore_s_Island,BS,#eff9ea
City_of_Freeport,BS,#534448
West_Grand_Bahama,BS,#b032f9
East_Grand_Bahama,BS,#96f7ad
Central_Abaco,BS,#3265b1
South_Abaco,BS,#d7b6c2
North_Abaco,BS,#b6919a
Hamilton,BM,#541b6e
Smith_s,BM,#227131
Devonshire,BM,#e9d2d3
Pembroke,BM,#242f2a
City_of_Hamilton,BM,#fcf3f6
Paget,BM,#9bc06f
Warwick,BM,#faf1b3
Southampton,BM,#a2b677
Sandys,BM,#1e1722
Saint_George_s,BM,#69baaf
Şabran,AZ,#526355
Siyəzən,AZ,#f4f9f4
Xizı,AZ,#d5dba2
Sumqayıt,AZ,#cb687a
Bakı,AZ,#563b88
Salyan,AZ,#020203
Neftçala,AZ,#0e225d
Lankaran,AZ,#fef9eb
Masallı,AZ,#d2d784
Lankaran__City,AZ,#fdfcee
Heard_Island_and_McDonald_Islands,HM,#3e683b
Archipel_des_Kerguelen,TF,#672a64
Archipel_des_Crozet,TF,#2ec10c
Tristan_da_Cunha,SH,#cccccb
La_Réunion,FR,#824809
Rivière_du_Rempart,MU,#f2eb7d
Pamplemousses,MU,#2d3f02
Port_Louis_city,MU,#f3fefe
Rivière_Noire,MU,#84a8bb
Savanne,MU,#8c3568
Grand_Port,MU,#e2a1a5
Flacq,MU,#d0f4f5
Saint_Helena,SH,#2e60e1
Mayotte,FR,#cbd9ee
Moûhîlî,KM,#4f3000
Andjouân,KM,#85abf0
Andjazîdja,KM,#030203
Agaléga,MU,#2a8f42
Ascension,SH,#caddf5
Zanzibar_South_and_Central,TZ,#fcfdf8
Kaskazini_Unguja,TZ,#3f9fd6
Zanzibar_West,TZ,#204923
Kusini_Pemba,TZ,#06250d
Kaskazini_Pemba,TZ,#12359b
Grand_Anse,SC,#0c33f7
Anse_Boileau,SC,#a19ac5
Baie_Lazare,SC,#300b29
Takamaka,SC,#b88ae3
Anse_Royale,SC,#beccf5
Au_Cap,SC,#febfcc
Anse_aux_Pins,SC,#89dac2
Pointe_La_Rue,SC,#75aa75
Cascade,SC,#57584d
Roche_Caïman,SC,#2a8b99
Plaisance,SC,#fafbfa
Mont_Fleuri,SC,#d70494
Bel_Air,SC,#172011
English_River,SC,#070826
Anse_Etoile,SC,#593a56
Glacis,SC,#4c1734
Beau_Vallon,SC,#3e7413
Bel_Ombre,SC,#000007
Port_Glaud,SC,#191415
Baie_Sainte_Anne,SC,#1e2322
Grand_Anse_Praslin,SC,#270f44
Annobón,GQ,#a8de25
São_Tomé,ST,#182c55
Príncipe,ST,#a4afdb
Bioko_Norte,GQ,#75425b
Bioko_Sur,GQ,#543fc2
Brava,CV,#745767
Santa_Catarina_do_Fogo,CV,#227215
Mosteiros,CV,#338506
São_Filipe,CV,#499896
Tarrafal,CV,#333a94
Santa_Catarina,CV,#1f3e31
Ribeira_Grande_de_Santiago,CV,#e73068
Praia,CV,#fbfbf8
São_Domingos,CV,#61a411
Santa_Cruz,CV,#475852
São_Miguel,CV,#54e97e
Maio,CV,#ecb2f1
Boa_Vista,CV,#6c6c6d
Ribeira_Brava,CV,#131213
Tarrafal_de_São_Nicolau,CV,#869659
Sal,CV,#060a0b
São_Vicente,CV,#0bb8be
Ribeira_Grande,CV,#cf4a16
Porto_Novo,CV,#010100
Paul,CV,#699e77
Tasmania,AU,#444504
Bali,ID,#4fc494
British_Indian_Ocean_Territory,IO,#9adf68
South_West,SG,#b6e3a2
Central_Singapore,SG,#f225c9
South_East,SG,#17696e
North_East,SG,#cdd2d4
North_West,SG,#032b3c
Labuan,MY,#f0f7e0
Phuket,TH,#d7d3c0
Hawaii,US,#ab9d90
Okinawa,JP,#1f202a
Kinmen,TW,#464362
Jeju,KR,#0c0c0d
Kamchatka,RU,#f0fc73
Macquarie_Island,AU,#7d2506
Campbell_Islands,NZ,#f2d3da
Antipodes_Islands,NZ,#cfecbd
Chatham_Islands_Territory,NZ,#c96de4
Lord_Howe_Island,AU,#e0e0e1
Kermadec_Islands,NZ,#7e4747
Norfolk_Island,NF,#bfae20
Austral_Islands,PF,#e8eaf1
Eastern,FJ,#235433
Vava_u,TO,#272c5a
Sigave,WF,#a6b102
Alo,WF,#d50279
Gaga_emauga,WS,#59612a
Gaga_ifomauga,WS,#11b621
Vaisigano,WS,#bf161e
Satupa_itea,WS,#567364
Palauli,WS,#a6f065
Fa_asaleleaga,WS,#050300
Rennell_and_Bellona,SB,#c6a1c6
Marquesas_Islands,PF,#db5640
Makira,SB,#15bb04
Temotu,SB,#f7b1a4
Malaita,SB,#015203
Capital_Territory_Honiara,SB,#2c102d
Guadalcanal,SB,#f0f5f5
Central,SB,#318856
Western,SB,#678e84
Tuvalu,TV,#0f120f
Isabel,SB,#dda56e
Ainaro,TL,#43da63
Manufahi,TL,#6f604c
Manatuto,TL,#eff7fc
Viqueque,TL,#c6f5da
Lautem,TL,#042107
Baucau,TL,#7d4d0e
Dili,TL,#56c619
Liquica,TL,#121915
North_Solomons,PG,#24bef7
West_New_Britain,PG,#ec4d33
East_New_Britain,PG,#73608d
Kepulauan_Bangka_Belitung,ID,#000000
Manus,PG,#6a86ed
Addu,MV,#461d4a
Anetan,NR,#092834
Ewa,NR,#cfccd1
Baiti,NR,#372974
Uaboe,NR,#3b423e
Nibok,NR,#cad2c5
Denigomodu,NR,#b7776c
Aiwo,NR,#050710
Boe,NR,#e6eac9
Yaren,NR,#d5d0d9
Meneng,NR,#094e43
Anibare,NR,#d5e2d5
Ijuw,NR,#78b7a2
Anabar,NR,#8c8c8b
Gnaviyani,MV,#c7729e
Gaafu_Dhaalu,MV,#340b4e
Gaafu_Alifu,MV,#f3f5f6
Alifu_Dhaalu,MV,#f0f9c8
Kaafu,MV,#151012
Alifu_Alifu,MV,#66a76c
Baa,MV,#80355a
Lhaviyani,MV,#efad90
Tawi-Tawi,PH,#d5c3ea
Kosrae,FM,#362e1b
Raa,MV,#4a1c07
Shaviyani,MV,#a5f6c5
Basilan,PH,#050e14
Pohnpei,FM,#dff4f2
Chuuk,FM,#2e0c6b
Camiguin,PH,#cdecc7
Siquijor,PH,#e8d8f9
Bohol,PH,#f9f8f9
Guimaras,PH,#974a40
Bacolod,PH,#2dfe41
Negros_Occidental,PH,#98a095
Negros_Oriental,PH,#2b331c
Cebu_City,PH,#39cae0
Mandaue,PH,#251f14
Cebu,PH,#7ba1b2
Puerto_Princesa,PH,#563d19
Tacloban,PH,#90b922
Ormoc,PH,#9fa1f8
Aklan,PH,#203939
Antique,PH,#a285ea
Iloilo_City,PH,#6b9e9d
Iloilo,PH,#fafcf9
Capiz,PH,#828382
Romblon,PH,#af9c78
Northern_Samar,PH,#824c4b
Masbate,PH,#feebef
Mindoro_Oriental,PH,#85b457
Mindoro_Occidental,PH,#31243f
Marinduque,PH,#bbf58c
Catanduanes,PH,#dfd5ea
Batanes,PH,#392026
South_Georgia_and_the_South_Sandwich_Islands,GS,#013e52
Falkland_Islands,FK,#eef8fd
Iles_Saint_Paul_et_Nouvelle_Amsterdam,TF,#78a3bf
Sud,NC,#f8ecf9
Îles_Loyauté,NC,#964393
Eua,TO,#2b503f
Tongatapu,TO,#fbead4
Tafea,VU,#3415ba
Ha_apai,TO,#f6ed61
Rodrigues,MU,#88bb92
Niue,NU,#a09cf1
Western,FJ,#56f845
Central,FJ,#fcfbfb
Shefa,VU,#3f1810
Northern,FJ,#fda8c2
Malampa,VU,#fbfee5
Sanma,VU,#554418
Niuas,TO,#d2c8f1
Penama,VU,#1882a1
Western,AS,#c97496
Eastern,AS,#984189
Manu_s,AS,#3b2051
Torba,VU,#3f433a
Atua,WS,#8ee5b9
Va_a_o_Fonoti,WS,#490b7e
Tuamasaga,WS,#fcefdd
A_ana,WS,#1ef391
Aiga_i_le_Tai,WS,#e3ddee
Uvea,WF,#91aafa
Rotuma,FJ,#000000
Choiseul,SB,#272836
Peleliu,PW,#010000
Koror,PW,#d6bca9
Ngeremlengui,PW,#2c2d2c
Ngatpang,PW,#edebe6
Aimeliik,PW,#2c14bd
Airai,PW,#7183a8
Ngchesar,PW,#616008
Melekeok,PW,#313c39
Ngiwal,PW,#425c33
Ngaraard,PW,#677069
Ngarchelong,PW,#b65747
Ngardmau,PW,#2f2a35
Yap,FM,#484d4c
Guam,GU,#071240
Rota,MP,#63241c
Tinian,MP,#772e31
Saipan,MP,#746363
Northern_Islands,MP,#77bc67
Las_Tunas,CU,#1f1c18
Mayabeque,CU,#6b1416
Ciudad_de_la_Habana,CU,#33366c
Artemisa,CU,#e95b4c
Pinar_del_Río,CU,#acfdbf
Cienfuegos,CU,#e6d9f2
Granma,CU,#cee5f7
Santiago_de_Cuba,CU,#a6cefb
Penghu,TW,#412404
Prince_Edward_Island,CA,#e4f2f7
Rose_Atoll,AS,#dbdae5
Swain_s_Island,AS,#5c6f5f
Christmas_Island,AU,#4a879d
Tokelau,TK,#191148
Jarvis_Island,UM,#b1b4b4
Baker_Island,UM,#c2a79f
Howland_Island,UM,#4a6a05
Laamu,MV,#fdfdea
Thaa,MV,#3a9f78
Dhaalu,MV,#98f9df
Meemu,MV,#8b9469
Hatobohei,PW,#8b4c02
Faafu,MV,#13222c
Malé,MV,#bbc7d8
Sonsorol,PW,#232128
Noonu,MV,#fcfbfb
Haa_Dhaalu,MV,#4f5052
Haa_Alifu,MV,#030203
Angaur,PW,#66bc21
Wake_Atoll,UM,#6bf6a9
Bimini,BS,#050207
Midway_Islands,UM,#f7edda
Cook_Islands,CK,#36303b
Navassa_Island,UM,#794f30
Salt_Cay,TC,#75446b
Macau,MO,#70eb16
Ragged_Island,BS,#453618
Islands,HK,#1f1606
Southern,HK,#d7bc92
Central_and_Western,HK,#fcfaf5
Wan_Chai,HK,#080c05
Eastern,HK,#d2fbf0
Tsuen_Wan,HK,#cfd2bf
Tai_Po,HK,#e1e4e2
Sha_Tin,HK,#9e898d
Sai_Kung,HK,#82e75a
Kwun_Tong,HK,#6d5d58
Kowloon_City,HK,#f67ddb
Yau_Tsim_Mong,HK,#fbb4fd
Sham_Shui_Po,HK,#2b3b1c
Kwai_Tsing,HK,#22992a
Tuen_Mun,HK,#050704
Yuen_Long,HK,#7a6a55
The_Snares,NZ,#7f9897
Southland,NZ,#c80f59
Marlborough_District,NZ,#3a5635
Nelson_City,NZ,#000301
Tasman_District,NZ,#1d55c8
West_Coast,NZ,#0f4c07
Otago,NZ,#91ed82
Canterbury,NZ,#eae3e1
Auckland,NZ,#958f2a
Waikato,NZ,#7be120
Three_Kings_Islands,NZ,#561d43
Wellington,NZ,#a5a7a8
Manawatu-Wanganui,NZ,#3fcc5a
Taranaki,NZ,#271423
Northland,NZ,#9ca831
Bay_of_Plenty,NZ,#e77b3a
Gisborne_District,NZ,#181918
Hawke_s_Bay,NZ,#dec9e8
Ashmore_and_Cartier_Islands,AU,#8a23ba
Palmyra_Atoll,UM,#0e3d0e
Kayangel,PW,#919d0c
Lapu-Lapu,PH,#fbfefb
Harbour_Island,BS,#b4b4b3
Spanish_Wells,BS,#748b8a
Midlands,ZW,#6d686c
Harare,ZW,#caa3ac
Bulawayo,ZW,#077667
Ma_rib,YE,#ebe4e2
Sana_a,YE,#b9a9ba
Raymah,YE,#490a59
Al_Bayda_,YE,#808091
Amran,YE,#f8c71f
Al_Dali_,YE,#9299e3
Ibb,YE,#1b8c8b
Al_Mahwit,YE,#344e83
Dhamar,YE,#f6ebcf
Hòa_Bình,VN,#120401
Tuyên_Quang,VN,#bbaeaa
Yên_Bái,VN,#3b3034
Vĩnh_Phúc,VN,#5d8475
Phú_Thọ,VN,#9f2616
Ha_Noi,VN,#86b7b1
Bắc_Kạn,VN,#dbf2d7
Hưng_Yên,VN,#b1bc7b
Bắc_Ninh,VN,#716428
Bắc_Giang,VN,#e03db0
Thái_Nguyên,VN,#648965
Hải_Dương,VN,#f7e9e6
Hà_Nam,VN,#292336
Bình_Dương,VN,#d5c5d8
Lâm_Đong,VN,#8b887c
Can_Tho,VN,#1d3411
Tacuarembó,UY,#e3e6ec
Durazno,UY,#f9eed8
Flores,UY,#dcd6f3
Florida,UY,#9abc93
Lavalleja,UY,#43061a
Guárico,VE,#36435d
Cojedes,VE,#332948
Distrito_Capital,VE,#9c7655
Barinas,VE,#172a09
Lara,VE,#fd862e
Portuguesa,VE,#c926cf
Siliana,TN,#2a452d
Sidi_Bou_Zid,TN,#c80994
Kairouan,TN,#93b1b7
Zaghouan,TN,#fee9f6
Chimbu,PG,#aebdb6
Enga,PG,#c2ed66
Western_Highlands,PG,#71dea7
Jiwaka,PG,#0ee714
Southern_Highlands,PG,#28291a
Hela,PG,#d094dd
Eastern_Highlands,PG,#eba8e7
Bolu,TR,#010202
Ankara,TR,#effee1
Bilecik,TR,#e1e1dc
Eskisehir,TR,#35372c
Çankiri,TR,#f0fdfd
Karabük,TR,#070900
Jharkhand,IN,#3e7976
Delhi,IN,#d2059b
Dadra_and_Nagar_Haveli_and_Daman_and_Diu,IN,#d0d1d5
Chandigarh,IN,#b6b9bb
Madhya_Pradesh,IN,#cb8a74
Utah,US,#a0fe91
Wyoming,US,#b47873
Nevada,US,#a1ad92
Colorado,US,#1e3f71
South_Dakota,US,#efd2ea
Nebraska,US,#eddbd6
Kansas,US,#dbc87e
Oklahoma,US,#b81f1f
Iowa,US,#1b648e
Missouri,US,#5a4c3c
Arima,TT,#d07203
Khon_Kaen,TH,#64535f
Sakon_Nakhon,TH,#656462
Suphan_Buri,TH,#25240a
Sing_Buri,TH,#4aa771
Chai_Nat,TH,#d9d7de
Ang_Thong,TH,#e0e1e1
Saraburi,TH,#e8d683
Nakhon_Ratchasima,TH,#1f2428
Nakhon_Nayok,TH,#1b2106
Pathum_Thani,TH,#3e2723
Uthai_Thani,TH,#aa8dec
Kalasin,TH,#e78608
Roi_Et,TH,#856283
Maha_Sarakham,TH,#988503
Nong_Bua_Lam_Phu,TH,#211b08
Lop_Buri,TH,#fbf0f1
Udon_Thani,TH,#320322
Phra_Nakhon_Si_Ayutthaya,TH,#3293f7
Nonthaburi,TH,#31422b
Nakhon_Pathom,TH,#8d978a
Kamphaeng_Phet,TH,#7b757c
Lampang,TH,#351e53
Sukhothai,TH,#127b72
Nakhon_Sawan,TH,#c7f2d0
Phetchabun,TH,#f5d2cc
Phichit,TH,#172218
Chaiyaphum,TH,#a3c9d8
Phrae,TH,#edeaef
Lamphun,TH,#87e2ae
Prachin_Buri,TH,#9fe782
Yasothon,TH,#51412a
Ermera,TL,#7f3266
Aileu,TL,#080508
Nantou,TW,#82852a
Tokat,TR,#8427c6
Sivas,TR,#0f560b
Çorum,TR,#9ca075
Amasya,TR,#d2fbd0
Morogoro,TZ,#18260d
Dodoma,TZ,#697b20
Manyara,TZ,#250f56
Taipei_City,TW,#8e9877
Chiayi_City,TW,#307b93
Hamah,SY,#fbfafb
Para,SR,#f3307e
Brokopondo,SR,#daefe9
Gezira,SD,#f2cde6
Khartoum,SD,#ecc3d1
Diourbel,SN,#070005
Kuala_Lumpur,MY,#3b3a3b
Putrajaya,MY,#aeb453
Dowa,MW,#fbf0f4
Balaka,MW,#3aab24
Chiradzulu,MW,#f1e2ee
Blantyre,MW,#fce1f5
Ntchisi,MW,#42cd8d
Valverde,DO,#b9106b
Santiago_Rodríguez,DO,#5b7d00
La_Vega,DO,#659b56
Hermanas,DO,#f5eae8
Duarte,DO,#69345d
Santiago,DO,#fdfafc
Bahoruco,DO,#050204
San_Juan,DO,#282215
Naxçıvan,AZ,#fbf8fa
Şuşa,AZ,#0f040d
Xocalı,AZ,#ccf0cb
Şuşa_City,AZ,#f9f7fa
Ağdam,AZ,#c49c6d
Tərtər,AZ,#c1b4ae
Goranboy,AZ,#0f2428
Xocavənd,AZ,#db404b
Hajigabul,AZ,#8faca6
Abşeron,AZ,#e4e3e6
Xanlar,AZ,#9c8595
Kürdəmir,AZ,#b8acbb
Zərdab,AZ,#4f6a5e
Sabirabad,AZ,#c0ec9f
Shirvan,AZ,#f4f9f7
Kamuli,UG,#283e25
Luuka,UG,#390a2e
Buyende,UG,#fcfcf3
Jinja,UG,#e95ed7
Apac,UG,#202815
Nakasongola,UG,#754cb3
Masindi,UG,#184141
Kayunga,UG,#6c70b5
Luweero,UG,#d594d9
Amolatar,UG,#bef1c6
Mityana,UG,#e7b2ca
Kiboga,UG,#f5d3c8
Mpigi,UG,#17073c
Butambala,UG,#3a0d7e
Gomba,UG,#177620
Wakiso,UG,#6b8dac
Nakaseke,UG,#c9e58e
Kyankwanzi,UG,#918a88
Kaberamaido,UG,#5442a3
Dokolo,UG,#f9c4dd
Kyenjojo,UG,#18289f
Kamwenge,UG,#e7fbd6
Kyegegwa,UG,#c21133
Sembabule,UG,#7f7c6e
Kibale,UG,#8f3697
Mubende,UG,#999640
Umm_Salal,QA,#68bcf1
Agusan_del_Sur,PH,#b9b7ba
Bukidnon,PH,#efddd6
Cotabato,PH,#025b06
South_Cotabato,PH,#c9ddc2
Cusco,PE,#fa896b
Ayacucho,PE,#b0b0b0
Apurímac,PE,#41146f
Huancavelica,PE,#b158fd
San_Martín,PE,#071462
Huánuco,PE,#1f4dac
Pasco,PE,#162e25
Junín,PE,#8e6e41
San_Pedro,PY,#1a3b08
Caaguazú,PY,#1a896d
Cordillera,PY,#080507
Caazapá,PY,#231222
Paraguarí,PY,#5ca322
Guairá,PY,#9a8ac9
Islamabad_Capital_Territory,PK,#115c18
Matagalpa,NI,#0c0304
Boaco,NI,#2d1e02
Chontales,NI,#0c9d91
Estelí,NI,#fbf3e6
Granada,NI,#ceb2f9
Masaya,NI,#f9fefe
Analamanga,MG,#f0c1c1
Betsiboka,MG,#7c96bd
Bongolava,MG,#fdc810
Vakinankaratra,MG,#812de0
Amoron_i_Mania,MG,#d3fa7f
Alaotra_Mangoro,MG,#ea4b4b
Bishkek,KG,#eff3e6
Al_Farwaniyah,KW,#bdc9d4
Ajlun,JO,#d0b7fa
Jarash,JO,#8d8312
Gunma,JP,#7eda7b
Nagano,JP,#520d14
Tochigi,JP,#63961b
Gifu,JP,#84d6dd
Shiga,JP,#abd0e8
Saitama,JP,#738c7f
Yamanashi,JP,#011009
Nara,JP,#141715
Comayagua,HN,#07382a
Yoro,HN,#07020d
Francisco_Morazán,HN,#494840
Kissidougou,GN,#16248f
Kérouané,GN,#f7e8e6
Télimélé,GN,#131f00
Lélouma,GN,#015b80
Dalaba,GN,#b0a8b1
Labé,GN,#000301
Pita,GN,#b3d4a1
Kouroussa,GN,#c5b7c8
Fria,GN,#c5e0fa
Chimaltenango,GT,#a4919d
Sacatepéquez,GT,#ecf2f5
Guatemala,GT,#09041f
Jalapa,GT,#9ec0e7
El_Progreso,GT,#f2d1cd
Sololá,GT,#051614
Quezaltenango,GT,#6c0140
Baja_Verapaz,GT,#5833fa
Totonicapán,GT,#47b132
Moyen_Ogooué,GA,#d9e8ee
Maekel,ER,#238a39
Cuscatlán,SV,#8c495a
San_Salvador,SV,#0e0509
Al_Qahirah,EG,#48714f
Al_Jizah,EG,#d4c249
Al_Minya,EG,#fa97ca
Al_Fayyum,EG,#9bac97
Bani_Suwayf,EG,#1a0821
Al_Minufiyah,EG,#879037
Al_Qalyubiyah,EG,#fde896
Al_Gharbiyah,EG,#f1eae8
Suhaj,EG,#d5c9e8
Qina,EG,#532ac7
Asyut,EG,#fcfbf7
Azuay,EC,#95a5b2
Cañar,EC,#fcc2bf
Tungurahua,EC,#171910
Napo,EC,#f968fb
Chimborazo,EC,#b55ca6
Bolivar,EC,#9caab5
Imbabura,EC,#201303
Cotopaxi,EC,#f4d7ec
Los_Rios,EC,#e5cccc
Pichincha,EC,#111816
Santo_Domingo_de_los_Tsáchilas,EC,#4e1344
Monseñor_Nouel,DO,#bc0760
Sánchez_Ramírez,DO,#546803
San_José_de_Ocoa,DO,#753d9c
Monte_Plata,DO,#9d0469
San_José,CR,#ec8205
Cartago,CR,#a99cd3
Caquetá,CO,#dbf497
Huila,CO,#041731
Guaviare,CO,#4d3d86
Caldas,CO,#24401b
Casanare,CO,#c0c867
Meta,CO,#c4a9e8
Bogota,CO,#a6e7b1
Santander,CO,#92480d
Tolima,CO,#010003
Quindío,CO,#110b02
Cundinamarca,CO,#297f82
Risaralda,CO,#b78346
Beijing,CN,#e572df
Sichuan,CN,#2c3803
Chongqing,CN,#e6adf4
Guizhou,CN,#3d3540
Hunan,CN,#b4d07d
Ningxia,CN,#0d2026
Shaanxi,CN,#ce4705
Qinghai,CN,#56bbcd
Shanxi,CN,#4f5f68
Jiangxi,CN,#f6c85b
Henan,CN,#bcae85
Hubei,CN,#e7ea81
Anhui,CN,#def79a
Barh_El_Gazel,TD,#f6eaf7
Tandjilé,TD,#2d263f
Logone_Occidental,TD,#4b3da4
Guéra,TD,#958692
Batha,TD,#937c68
Ouest,CM,#4e8d10
Centre,CM,#bf8d22
Kâmpóng_Chhnang,KH,#e7cae5
Kâmpóng_Thum,KH,#1f7198
Kâmpóng_Spœ,KH,#2a514e
Phnom_Penh,KH,#0b1e09
Goiás,BR,#45524a
Distrito_Federal,BR,#aad516
Minas_Gerais,BR,#e6e6f1
Tocantins,BR,#fbf1c7
Kweneng,BW,#e2e2a5
Gaborone,BW,#ede286
Jwaneng,BW,#0e8405
Cochabamba,BO,#b08cb9
Chirang,BT,#6e4c23
Wangdi_Phodrang,BT,#d8eb8e
Daga,BT,#062321
Punakha,BT,#fdfef3
Mongar,BT,#1a1f1e
Tongsa,BT,#3b9d24
Pemagatsel,BT,#52032e
Saatlı,AZ,#84af98
Bərdə,AZ,#171410
Şəmkir,AZ,#043d15
Ağsu,AZ,#b5623a
Nana_Grébizi,CF,#d56ed4
Şamaxı,AZ,#0f0728
Quba,AZ,#eef0f5
Ucar,AZ,#979697
Qobustan,AZ,#c0d6eb
İsmayıllı,AZ,#3f5648
Yevlakh_Rayon,AZ,#110407
Gəncə,AZ,#bcbed1
Mingəçevir,AZ,#30d534
Göyçay,AZ,#f9ecca
Ağdaş,AZ,#b8bfbe
Ağcabədi,AZ,#a1a6aa
Australian_Capital_Territory,AU,#555526
Kotayk,AM,#27ea87
Erevan,AM,#ab8c38
Santa_Fe,AR,#9eab58
Tucumán,AR,#02060b
Santiago_del_Estero,AR,#32407d
San_Luis,AR,#b69a5f
La_Pampa,AR,#3c9f99
Córdoba,AR,#191818
Bié,AO,#52815f
Cuanza_Norte,AO,#f9cccd
Huíla,AO,#8b9bae
Huambo,AO,#5c1113
Uruzgan,AF,#39626c
Ghazni,AF,#f63bef
Panjshir,AF,#fc91b4
Kabul,AF,#18d374
Laghman,AF,#efcd8a
Logar,AF,#99b360
Kapisa,AF,#1e2d20
Wardak,AF,#c12a6d
Bamyan,AF,#09486c
Parwan,AF,#fdf5ec
Sari_Pul,AF,#19190c
Ghor,AF,#211a1f
Baghlan,AF,#eff2cd
Samangan,AF,#cba870
Daykundi,AF,#83be43
Oyam,UG,#1c2510
Lira,UG,#7fd271
Kole,UG,#7870b5
Pader,UG,#eef1ec
Ibanda,UG,#7e0f72
Mbarara,UG,#39ba3f
Gulu,UG,#1c0f28
Kiryandongo,UG,#241b0b
Iganga,UG,#373a31
Lwengo,UG,#e693b2
Bukomansimbi,UG,#aaf5b4
Kalungu,UG,#010204
Kampala,UG,#0eeb7b
Kaliro,UG,#080805
Agago,UG,#484d08
Kotido,UG,#1f8bfa
Abim,UG,#2c2c05
Otuke,UG,#4b4fee
Alebtong,UG,#7a0e8d
Amuria,UG,#06bfa2
Katakwi,UG,#324d33
Serere,UG,#fdfcfc
Soroti,UG,#e1f26b
Pallisa,UG,#fae5f9
Kiruhura,UG,#292390
Lyantonde,UG,#f4f6f9
Masaka,UG,#daca11
Mukono,UG,#3a3b12
Buikwe,UG,#30c969
Nakapiripirit,UG,#dde2e1
Kween,UG,#6b5f28
Buhweju,UG,#91b891
Sheema,UG,#e87643
Mitooma,UG,#f7f7f6
Bushenyi,UG,#320b03
Bulambuli,UG,#ebd2b2
Sironko,UG,#8b5a69
Bugiri,UG,#40b031
Nwoya,UG,#2c343d
Mbale,UG,#100956
Budaka,UG,#259432
Butaleja,UG,#be59f2
Kibuku,UG,#39d456
Napak,UG,#0f0f14
Kumi,UG,#9c093d
Ngora,UG,#093a27
Bukedea,UG,#2e7789
Namutumba,UG,#d3b9aa
Kütahya,TR,#0e232d
Konya,TR,#96a19e
Karaman,TR,#cb81cc
Nigde,TR,#8bbb68
Kayseri,TR,#f9fee1
Isparta,TR,#07886e
Manisa,TR,#78ce5d
Denizli,TR,#f9f8f9
Burdur,TR,#2a4861
Aksaray,TR,#461915
Nevsehir,TR,#0d1a19
Yozgat,TR,#daeafd
Kirsehir,TR,#f5f6f8
Usak,TR,#e9beda
Erzincan,TR,#68c443
Tunceli,TR,#6690c9
Afyonkarahisar,TR,#61827f
Kırıkkale,TR,#1d2106
K__Maras,TR,#4a4d18
Mus,TR,#ca7da9
Erzurum,TR,#55613a
Malatya,TR,#eef0eb
Elazig,TR,#010900
Bitlis,TR,#7ca374
Bingöl,TR,#faf3f7
Abia,NG,#dc95a7
Ebonyi,NG,#afafb0
Anambra,NG,#dae4e7
Edo,NG,#110b18
Bauchi,NG,#e7f4e9
Plateau,NG,#0e0c0b
Nassarawa,NG,#d4f3c8
Gombe,NG,#e9b44c
Enugu,NG,#efe2eb
Kogi,NG,#7cf7cd
Osun,NG,#f1fceb
Imo,NG,#98f3d2
Osmaniye,TR,#eae7e9
Adiyaman,TR,#a1b4a3
Diyarbakir,TR,#080c07
Batman,TR,#1d7174
Siirt,TR,#e7e4e7
Bayburt,TR,#3c8b65
Gümüshane,TR,#88d59e
Singida,TZ,#2f2b56
Tabora,TZ,#916be8
Iringa,TZ,#bcd69b
Mwanza,TZ,#825369
Simiyu,TZ,#f8f1f8
Geita,TZ,#74adbf
Shinyanga,TZ,#dbeac1
Ratnapura,LK,#d0bfaf
Mŏṇarāgala,LK,#d8c0c0
Kægalla,LK,#db2dea
Badulla,LK,#060506
Mātale,LK,#0d080b
Pŏḷŏnnaruva,LK,#a18e76
Kuruṇægala,LK,#305c81
Anurādhapura,LK,#210606
Nuvara_Ĕliya,LK,#1418b5
Vavuniyāva,LK,#75e869
Mahanuvara,LK,#8ec5e5
Bay,SO,#514232
Bashkortostan,RU,#782138
Sverdlovsk,RU,#aaa7a9
Khanty-Mansiy,RU,#d9acca
Tomsk,RU,#f8fbee
Kemerovo,RU,#4a4a49
Irkutsk,RU,#484556
Khakass,RU,#f05dc5
Seoul,KR,#022027
Daejeon,KR,#424067
Sejong,KR,#f6dddd
North_Chungcheong,KR,#873a5c
Gwangju,KR,#86bbb8
Daegu,KR,#d7d6ca
Perm_Krai,RU,#c6d7a2
Muntinlupa,PH,#644625
Caloocan,PH,#f4c0a7
Malabon,PH,#a022bb
Valenzuela,PH,#050d24
Quezon_City,PH,#899172
Nueva_Ecija,PH,#05240d
Laguna,PH,#fba6ce
Rizal,PH,#432826
Taguig,PH,#ceb1ad
Marikina,PH,#1e3e45
Pasig,PH,#779d66
Quirino,PH,#11281e
Santiago,PH,#6ce437
Nueva_Vizcaya,PH,#c06b57
Benguet,PH,#e19e9a
Ifugao,PH,#7ff75e
Mountain_Province,PH,#e5d5f2
Tarlac,PH,#06010c
Apayao,PH,#000101
Kalinga,PH,#93a6ac
Abra,PH,#9bdab0
Ad_Dakhliyah,OM,#4c2a01
Ekiti,NG,#1c2729
Kaduna,NG,#6c9b85
Kano,NG,#b65da2
Federal_Capital_Territory,NG,#c5eada
Phyŏngyang,KP,#826a3b
Khomas,NA,#466843
Oshana,NA,#fae959
Oshikoto,NA,#7acff3
Darhan-Uul,MN,#625129
Töv,MN,#effcfe
Arhangay,MN,#296eb4
Orhon,MN,#4d9f30
Dundgovi,MN,#a2d699
Övörhangay,MN,#d6c961
México,MX,#aa9f7d
Puebla,MX,#38401b
Morelos,MX,#cebfc5
Querétaro,MX,#040609
Hidalgo,MX,#eff6ef
Guanajuato,MX,#fbfcfb
San_Luis_Potosí,MX,#e4adea
Zacatecas,MX,#e4943f
Aguascalientes,MX,#686768
Durango,MX,#114a19
Tlaxcala,MX,#0d368a
Distrito_Federal,MX,#bbcf5e
Tagant,MR,#cb9aa1
Al_Jifarah,LY,#92440b
Mizdah,LY,#5c3a69
Al_Jufrah,LY,#181b23
Sabha,LY,#240b11
Wadi_al_Hayaa,LY,#c3ecc7
Aqmola,KZ,#e5a4e3
Ulytau,KZ,#060009
Qaraghandy,KZ,#f9f0f6
Baghdad,IQ,#d7d5c8
Babil,IQ,#9b0c20
Al-Qadisiyyah,IQ,#746b72
Dhi-Qar,IQ,#1b1616
Karbala_,IQ,#443d11
Chhattisgarh,IN,#fefdf9
Haryana,IN,#49424d
Tbilisi,GE,#8b8b8b
Imereti,GE,#b1a5b6
Dire_Dawa,ET,#bdf93c
Addis_Ababa,ET,#b17093
Harari_People,ET,#8ec97c
Gitega,BI,#f833b5
Muramvya,BI,#0e0108
Mwaro,BI,#f1f8f1
Karuzi,BI,#9bd6a9
Balé,BF,#fcc1ce
Sanguié,BF,#e4ecdd
Tuy,BF,#f2f3f5
Bougouriba,BF,#000000
Mou_Houn,BF,#caecb5
Kouritenga,BF,#410e71
Ganzourgou,BF,#c8b9e4
Zoundwéogo,BF,#b19526
Ziro,BF,#4f4b04
Boulkiemdé,BF,#8cb5a3
Kadiogo,BF,#fdeaf0
Oubritenga,BF,#35262b
Gourma,BF,#1e1f1f
Gnagna,BF,#ee8bc7
Bazéga,BF,#f7f4f9
Kourwéogo,BF,#b075a0
Nayala,BF,#3d3304
Passoré,BF,#110f16
Zondoma,BF,#030100
Namentenga,BF,#c1ced0
Sanmatenga,BF,#231b2a
Bam,BF,#fcb755
Magway,MM,#d7b5e3
Kigali_City,RW,#0e1714
Amanat_Al_Asimah,YE,#f9f4f6
Wisconsin,US,#a5a0a4
Illinois,US,#b28979
Kentucky,US,#915016
Arkansas,US,#e1d9ec
Tennessee,US,#2a7c93
West_Virginia,US,#bf0874
Indiana,US,#d0b3c1
Tashkent_City,UZ,#294230
Almaty_City,KZ,#b67229
Astana,KZ,#cf5e20
Stepanakert,AZ,#a6cf28
Damascus,SY,#c99140
Niamey,NE,#110608
Bamako,ML,#2b002f
Buada,NR,#4d1a33
São_Salvador_do_Mundo,CV,#549332
São_Lourenço_dos_Órgãos,CV,#fdb9b4
Yevlakh,AZ,#d68fad
City_of_Saint_George,BM,#0dba97
Wong_Tai_Sin,HK,#b0b0b0
Moka,MU,#030000
Plaines_Wilhems,MU,#cdb8cb
Beau_Bassin_Rose_Hill,MU,#fafdfc
Port_Louis,MU,#295e60
Quatre_Bornes,MU,#00055f
Vacoas_Phoenix,MU,#dc6bde
Curepipe,MU,#b2130f
Mont_Buxton,SC,#0b8e7a
Saint_Louis,SC,#910a80
Les_Mamelles,SC,#cee2e5
Dushanbe,TJ,#bdf6d7
Luxor,EG,#408485
Francistown,BW,#5b143e
Lobatse,BW,#3e443b
Selebi_Phikwe,BW,#d1d2d6
Sowa,BW,#ce4d93
Orapa,BW,#535744
Naga,PH,#051d3a
Angeles,PH,#fdcb84
Baguio,PH,#330578
Makati,PH,#cf8c95
Pateros,PH,#c8f691
Mandaluyong_City,PH,#d6cbd3
San_Juan,PH,#060801
Naftalan,AZ,#42e765
Şəki_City,AZ,#54e9b6
Ihorombe,MG,#2d3716
Haute_Matsiatra,MG,#0b2a29
Itasy,MG,#890e25
Qeqertalik,GL,#c9e6e4
Avannaata,GL,#1c191e
Kavango_East,NA,#020203
Kavango_West,NA,#101419
Zambezi,NA,#3b2839
Likoma,MW,#043259
Lamu,KE,#36d3ef
Mombasa,KE,#9eaab1
Kwale,KE,#d0bdcf
Taita_Taveta,KE,#32d817
Kilifi,KE,#c9afac
Tana_River,KE,#488d3a
Kiambu,KE,#141d15
Kirinyaga,KE,#643d2b
Muranga,KE,#513f5a
Nyeri,KE,#dfd6f1
Nyandarua,KE,#6e7d73
Nairobi,KE,#32616b
Migori,KE,#4b0a18
Kisii,KE,#f8e5ab
Nyamira,KE,#352a2d
Homa_Bay,KE,#515251
Kisumu,KE,#6868af
Siaya,KE,#acf7ba
Makueni,KE,#fdaeca
Embu,KE,#a4d1e1
Machakos,KE,#f0fbf8
Kitui,KE,#402825
Tharaka_Nithi,KE,#858584
Meru,KE,#901c09
Isiolo,KE,#304931
Marsabit,KE,#d8d1c3
Kajiado,KE,#9f7212
Laikipia_,KE,#b0dcab
Samburu,KE,#82db56
Narok,KE,#101867
Trans_Nzoia,KE,#010602
Nandi,KE,#282211
Bomet,KE,#e3fb3e
Kericho,KE,#aef5e0
Nakuru,KE,#566b24
Elgeyo_Marakwet,KE,#15b44d
Uasin_Gishu,KE,#153213
Baringo,KE,#dde4e3
West_Pokot,KE,#22191a
Turkana,KE,#5d7de4
Busia,KE,#e6e9e6
Vihiga,KE,#e4f7ce
Kakamega,KE,#faf3ef
Bungoma,KE,#fdfcfd
Garissa,KE,#e7eae7
Wajir,KE,#76997a
Mandera,KE,#010000
Warrap,SS,#56c946
North_Bahr-al-Ghazal,SS,#528c2b
Lakes,SS,#100b0b
West_Equatoria,SS,#76a073
Central_Equatoria,SS,#14e70a
Upper_Nile,SS,#9cc5cd
Pibor,SS,#a93088
Jonglei,SS,#490c4b
Unity,SS,#fef9ad
Ruweng,SS,#a5f47f
West_Bahr-al-Ghazal,SS,#4646e9
East_Equatoria,SS,#09ac71
Woqooyi_Galbeed,OT,#222951
Togdheer,OT,#13ead8
Sool,OT,#3f4e17
Sanaag,OT,#0b6011
Awdal,OT,#461b15
West_Kordufan,SD,#3792b4
South_Kordufan,SD,#2b0239
North_Kordufan,SD,#824e83
Abyei,OT,#16d347
Ennedi_Ouest,TD,#e9e4e0
Borkou,TD,#4a0529
Ennedi_Est,TD,#d8c0bd
Lagunes,CI,#9a9399
Savanes,CI,#c433a7
Denguélé,CI,#c4ecb3
Woroba,CI,#9eaaf1
Montagnes,CI,#0fae6d
Sassandra_Marahoué,CI,#d5abe0
Gôh_Djiboua,CI,#cdb2db
Bas-Sassandra,CI,#68449d
Zanzan,CI,#031601
Vallée_du_Bandama,CI,#3fe6a5
Lacs,CI,#c0ca57
Moyen-Comoe,CI,#fcfcfb
Yamoussoukro,CI,#fcfdfc
Abidjan,CI,#d0d1a8
Timbuktu,ML,#918e66
Taoudénit,ML,#e885ec
Ménaka,ML,#90e5cc
Gao,ML,#fbfcf9
Tanger-Tetouan-Al_Hoceima,MA,#9d8f8e
Fès-Meknès,MA,#fef7fa
Oriental,MA,#e4b101
Rabat_Salé_Kénitra,MA,#5a5027
Marrakesh_Safi,MA,#f4f3f8
Béni_Mellal-Khénifra,MA,#050000
Settat_Casablanca,MA,#09301d
Drâa_Tafilalet,MA,#050003
Souss_Massa,MA,#fdfcf2
Laâyoune_Sakia_El_Hamra,MA,#dac9bb
Guelmim_Oued_Noun,MA,#f29a8b
Dakhla_Oued_Ed_Dahab,MA,#c4c5c5
Ceuta,ES,#eff8fc
Melilla,ES,#f8eae5
Canary_Islands,ES,#70d368
Kalimantan_Timur,ID,#051003
Kalimantan_Utara,ID,#66115b
Isabela_City,PH,#e6efef
Naypyidaw_Union_Territory,MM,#58cd58
Mandalay,MM,#dee0b5
Jammu_and_Kashmir,IN,#cc71ba
Ladakh,IN,#250d40
Andhra_Pradesh,IN,#4b3841
Telangana,IN,#3f2b5c
Gandaki_Pradesh,NP,#07090a
Lumbini_Pradesh,NP,#784e3b
Karnali_Pradesh,NP,#e5e744
Lumbini,NP,#b4f8a7
Sudurpashchim_Pradesh,NP,#3dcc51
Bagmati,NP,#7d60fd
Madhesh_Pradesh,NP,#ddd8d4
Koshi_Pradesh,NP,#e6efe7
Bagmati_Pradesh,NP,#a1a1b2
Dhaka,BD,#c8def5
Mymensingh,BD,#a3a48f
Khyber_Pakhtunkhwa,PK,#eeeee9
Asghabat,TM,#2d0f40
Beqaa,LB,#a6a34d
Baalbek-Hermel,LB,#f1b198
North,LB,#63e68e
Akkar,LB,#e2cbe8
Mount_Lebanon,LB,#410c2e
Keserwan_Jbeil,LB,#4e21c2
Nabatieh,LB,#368623
South,LB,#fefefb
Beirut,LB,#211819
Anguilla,AI,#fdd6fb
Savannah,GH,#522f6a
Northern,GH,#d8cec5
North_East,GH,#6b6380
Upper_East,GH,#f6fbfa
Upper_West,GH,#cc93f0
Ashanti,GH,#d9ece1
Ahafo,GH,#acc8d9
Bono_East,GH,#948198
Bono,GH,#000101
Central,GH,#c5caca
Eastern,GH,#c2bbbf
Western,GH,#f3f5e6
Western_North,GH,#95cdf0
Greater_Accra,GH,#c6d7f1
Volta,GH,#051112
Oti,GH,#f0f6f7
Aïn_Témouchent,DZ,#0ffc31
Oran,DZ,#686f68
Sidi_Bel_Abbès,DZ,#60c7b9
Tlemcen,DZ,#4e4f4f
Naâma,DZ,#b2b7e7
Annaba,DZ,#171c15
El_Tarf,DZ,#b495ec
Jijel,DZ,#7a3b77
Skikda,DZ,#031d1e
El_Bayadh,DZ,#edf2eb
El_Menia,DZ,#3e5541
Ghardaïa,DZ,#8e8789
Laghouat,DZ,#f9fafe
Alger,DZ,#9a54d5
Boumerdès,DZ,#f829f6
Tizi_Ouzou,DZ,#000000
Tipaza,DZ,#0d1513
Aïn_Defla,DZ,#21beb4
Chlef,DZ,#5db4a7
Mascara,DZ,#3ca62b
Mostaganem,DZ,#9e5b33
Relizane,DZ,#97eef6
Saïda,DZ,#ecc683
Tiaret,DZ,#461543
Tissemsilt,DZ,#0e050d
Bordj_Bou_Arréridj,DZ,#0c4041
Béjaïa,DZ,#7c75d6
Blida,DZ,#edfec5
Bouira,DZ,#d2dccf
Biskra,DZ,#cea1cb
Djelfa,DZ,#f1f1f2
Médéa,DZ,#c017b6
M_Sila,DZ,#90cceb
Sétif,DZ,#7b3b18
Batna,DZ,#ce8bd8
Constantine,DZ,#834074
Guelma,DZ,#002b16
Khenchela,DZ,#950205
Mila,DZ,#721764
Oum_el_Bouaghi,DZ,#0d0f52
Souk_Ahras,DZ,#c29b93
Tébessa,DZ,#396841
Béchar,DZ,#26efed
Béni_Abbès,DZ,#d29895
Tindouf,DZ,#040706
Adrar,DZ,#8966a9
In_Salah,DZ,#16a4cd
Timimoun,DZ,#5eeb3e
Bordj_Baji_Mokhtar,DZ,#6e88db
In_Guezzam,DZ,#2c272b
Tamanghasset,DZ,#3d6447
Djanet,DZ,#5f6023
Illizi,DZ,#6e4f05
Ouargla,DZ,#9a69f4
Ouled_Djellal,DZ,#b4a1d8
Touggourt,DZ,#463125
El_Oued,DZ,#fce0b3
El_M_Ghair,DZ,#f69795
Virginia,US,#ecc5af
Kohgiluyeh_and_Buyer_Ahmad,IR,#fcfef7
Bushehr,IR,#091112
Chaharmahal_and_Bakhtiari,IR,#f8f779
Lorestan,IR,#4574de
Isfahan,IR,#f4f4f4
Yazd,IR,#a09069
Fars,IR,#793466
Golestan,IR,#2a1115
Mazandaran,IR,#1a1609
Semnan,IR,#0523a4
Tehran,IR,#117054
South_Khorasan,IR,#22112e
Khuzestan,IR,#09460d
Ilam,IR,#001110
Hormozgan,IR,#198d8e
Ardabil,IR,#f3a8d9
Markazi,IR,#1d2e3c
Qom,IR,#8aa13a
Hamadan,IR,#0d100f
Zanjan,IR,#050605
Qazvin,IR,#b05fd3
West_Azerbaijan,IR,#0b5192
East_Azerbaijan,IR,#6895bf
Kermanshah,IR,#467e9b
Gilan,IR,#e8def3
Kurdistan,IR,#021535
Sistan_and_Baluchestan,IR,#fcc7e2
Razavi_Khorasan,IR,#4b0160
North_Khorasan,IR,#8e454b
Kerman,IR,#080908
Alborz,IR,#4b3d50
Papua_Selatan,ID,#7e1f41
Papua_Pegunungan,ID,#54853c
Papua_Tengah,ID,#30d547
Papua,ID,#4365e2
New_Ireland,PG,#f7533e
Djobloho,GQ,#0e337d
Kagoshima,JP,#82914c
Ulaanbaatar,MN,#16061b
Najran,SA,#030202
Ar_Riyad,SA,#f0b1ad
Ar_Quassim,SA,#464a43
Ash_Sharqiyah,SA,#303e0b
Al_Madinah,SA,#2b0c2a
Ha_il,SA,#430c2b
Tabuk,SA,#5d5954
Al_Jawf,SA,#132532
Al_Hudud_ash_Shamaliyah,SA,#374f6a
Al_Bahah,SA,#11543a
Asir,SA,#0dba11
Jizan,SA,#958f32
Makkah,SA,#181b08
Al_Janūbīyah,BH,#dd4abc
Ash_Shamālīyah,BH,#6e5015
Al_Manāmah,BH,#869f2e
Al_Muḩarraq,BH,#ddfae1
Dhekelia,CY,#581320
Larnaca,CY,#201c73
Chernihiv,UA,#102d31
Homyel,BY,#b499e0
Volyn,UA,#9b7e6a
Brest,BY,#3a342f
Rivne,UA,#7a8a5d
Zhytomyr,UA,#5a9975
Kyiv,UA,#abfef5
Vitsyebsk,BY,#f6c1e1
Utenos,LT,#9c640b
Vilniaus,LT,#c0c8f3
Hrodna,BY,#8869d8
Alytaus,LT,#04c957
Ústecký,CZ,#d3ef98
Sachsen,DE,#837740
Liberecký,CZ,#201a15
Karlovarský,CZ,#c7a7d4
Bayern,DE,#da4153
Plzenský,CZ,#629d63
Jihoceský,CZ,#056b00
Viljandi,EE,#64fbc0
Pärnu,EE,#2f2e2c
Valga,EE,#0d1616
Võru,EE,#c9e6e4
Pskov,RU,#8a8239
Panevezio,LT,#130f48
Telšiai,LT,#6891cf
Taurages,LT,#e7e7f0
Klaipedos,LT,#b4a49d
Šiauliai,LT,#203f3a
Norrbotten,SE,#4c2d44
Jan_Mayen,NO,#effcfb
Nordland,NO,#dfdec4
Västerbotten,SE,#fafafb
Jämtland,SE,#e2e3d8
Trøndelag,NO,#8b59ce
Dalarna,SE,#4f4136
Värmland,SE,#7222c3
Västra_Götaland,SE,#855040
Lapland,FI,#f8f47d
Rheinland-Pfalz,DE,#61e8b0
Diekirch,LU,#1c2413
Grevenmacher,LU,#eaf30c
Saarland,DE,#987f5f
Hauts-de-France,FR,#f6fbfb
West_Flanders,BE,#c292e1
Hainaut,BE,#637684
Grand_Est,FR,#000407
Namur,BE,#1b2015
Luxembourg,BE,#635b3e
Liege,BE,#4ecef3
Luxembourg,LU,#495546
Krasnodar,RU,#59535e
Karachay-Cherkess,RU,#d106a4
Kabardin-Balkar,RU,#5a231b
North_Ossetia,RU,#2a8957
Ingush,RU,#1a2327
Chechnya,RU,#1b0b24
Dagestan,RU,#878660
Dibër,AL,#4c1362
Kukës,AL,#212182
Korçë,AL,#010300
Elbasan,AL,#11060f
Prizren,XK,#f7f2fd
Gjakova,XK,#88d56a
Schleswig-Holstein,DE,#bccdd5
Syddanmark,DK,#c7f6d6
Satu_Mare,RO,#afd7f0
Szabolcs-Szatmár-Bereg,HU,#007b68
Arad,RO,#111324
Békés,HU,#0ce759
Bihor,RO,#823cb3
Hajdú-Bihar,HU,#1b190c
Csongrád,HU,#6f306f
Timiș,RO,#e4b0e7
Žilinský,SK,#378ed8
Silesian,PL,#33195a
Lesser_Poland,PL,#8c328d
Prešov,SK,#666d69
Subcarpathian,PL,#2f6e19
Donegal,IE,#2c2929
Derry_City_and_Strabane,UK,#dfe3de
Fermanagh_and_Omagh,UK,#fab3d3
Leitrim,IE,#551bb6
Cavan,IE,#131d1e
Monaghan,IE,#040505
Mid_Ulster,UK,#fbfcfe
Armagh_City_Banbridge_and_Craigavon,UK,#fafbfa
Newry_City_Mourne_and_Down,UK,#268967
Louth,IE,#a1f861
Lower_Silesian,PL,#2e2d2d
Královéhradecký,CZ,#4ca75f
Opole,PL,#518c65
Olomoucký,CZ,#afe679
Pardubický,CZ,#2d8c0f
Moravskoslezský,CZ,#abc9da
Western_Macedonia,GR,#3104d7
Ipeiros,GR,#ccc0b9
Gjirokastër,AL,#fae9f9
Vlorë,AL,#cfc97e
Transcarpathia,UA,#e2dceb
Košický,SK,#a140b3
Niederösterreich,AT,#0d2405
Jihomoravský,CZ,#cad7e1
Oberösterreich,AT,#089138
Gyor-Moson-Sopron,HU,#f0c3f6
Burgenland,AT,#cec3c6
Vas,HU,#2a2b26
Valle_d_Aosta,IT,#445023
Valais,CH,#060501
Piemonte,IT,#c6d4f1
Ticino,CH,#5a43a4
Lombardia,IT,#a2c697
Graubünden,CH,#ccf0c1
Trentino-Alto_Adige,IT,#030605
Vorarlberg,AT,#f4f9ba
Tirol,AT,#381d07
Marijampoles,LT,#cbc8d3
Podlachian,PL,#090241
Warmian-Masurian,PL,#888e99
Groningen,NL,#51ead3
Niedersachsen,DE,#0f7e82
Drenthe,NL,#91af04
Overijssel,NL,#bab7d4
Nordrhein-Westfalen,DE,#fcf6eb
Gelderland,NL,#066b54
Limburg,NL,#1c6d14
Liechtenstein,LI,#93ac3d
Liguria,IT,#1e171d
Provence-Alpes-Côte-d_Azur,FR,#a5faf5
Auvergne-Rhône-Alpes,FR,#12303f
Murmansk,RU,#89a8e2
Karelia,RU,#4ca950
Northern_Ostrobothnia,FI,#f4e3ec
Kainuu,FI,#c0785f
North_Karelia,FI,#130906
Southern_Savonia,FI,#1adb39
Northern_Savonia,FI,#24512d
South_Karelia,FI,#e57976
Leningrad,RU,#fbfcfc
Kymenlaakso,FI,#4f3b50
Severno-Backi,RS,#8559f6
Bács-Kiskun,HU,#d0ac4d
Zapadno-Backi,RS,#000902
Severno-Banatski,RS,#26191c
Zala,HU,#ededf8
Somogy,HU,#c2c0c5
Baranya,HU,#170203
Burgas,BG,#ad189e
Kirklareli,TR,#83f544
Yambol,BG,#735d4a
Edirne,TR,#46291b
Haskovo,BG,#38337a
San_Marino,SM,#425bef
Emilia-Romagna,IT,#383311
Marche,IT,#26732d
Salzburg,AT,#6c7e53
Veneto,IT,#4c534e
Kärnten,AT,#ccd5ae
Friuli-Venezia_Giulia,IT,#261b01
Monaco,MC,#db92bf
Nouvelle-Aquitaine,FR,#115c49
Comunidad_Foral_de_Navarra,ES,#93e22d
País_Vasco,ES,#5d1855
Aragón,ES,#a81bcc
Occitanie,FR,#05335a
Cataluña,ES,#594542
Andorra,AD,#738403
Central_Macedonia,GR,#fcf8f3
Gjilan,XK,#c27391
Ferizaj,XK,#e4947b
Pcinjski,RS,#b5e8e4
Vidin,BG,#4bbd1e
Borski,RS,#c7b344
Zajecarski,RS,#05062c
Pirotski,RS,#2c0517
Pernik,BG,#af90a2
Sofia,BG,#9e8e71
Montana,BG,#f0fadf
Jablanicki,RS,#070606
Kyustendil,BG,#c0c621
Blagoevgrad,BG,#086d4f
Herceg_Novi,ME,#f4f9f5
Herzegovina-Neretva,BA,#121b14
Kosovska_Mitrovica,XK,#25bd1a
Raški,RS,#bab893
Rasina,RS,#a9868f
Toplicki,RS,#3d3245
Pristina,XK,#787ec9
Peć,XK,#0f07be
Rožaje,ME,#e8e5e3
Berane,ME,#8ca2e9
Petnjica,ME,#79e728
Gusinje,ME,#c40acf
Plav,ME,#9c94ab
Pljevlja,ME,#f8639f
Zlatiborski,RS,#b1b9bc
Bijelo_Polje,ME,#8b7d6a
Zeeland,NL,#8a8879
East_Flanders,BE,#14431d
Noord-Brabant,NL,#0739b8
Antwerp,BE,#d863b6
Limburg,BE,#03091c
Baden-Württemberg,DE,#afbbae
Schaffhausen,CH,#f7f1fa
Thurgau,CH,#023ec7
Zürich,CH,#a39d7e
Aargau,CH,#e28a85
Basel-Stadt,CH,#f059dc
Basel-Landschaft,CH,#05153e
Sankt_Gallen,CH,#242916
Solothurn,CH,#2e6379
Jura,CH,#020303
Bourgogne-Franche-Comté,FR,#041727
Genève,CH,#304677
Vaud,CH,#f4e5d5
Neuchâtel,CH,#315c11
Extremadura,ES,#07302b
Évora,PT,#9c9b9b
Portalegre,PT,#8f5a5b
Steiermark,AT,#8a90dd
Žabljak,ME,#8bc2e8
Plužine,ME,#5ca6f9
Nikšic,ME,#97300c
Kotor,ME,#f5ecef
Brčko,BA,#5e2001
Serbian_Republic,BA,#a0f92c
Una-Sana,BA,#4c280b
Posavina,BA,#394c5e
Canton_10,BA,#131312
West_Herzegovina,BA,#888b88
Sremski,RS,#2f8e9c
Macvanski,RS,#000000
Južno-Backi,RS,#e7a270
Bratislavský,SK,#9f6866
Trnavský,SK,#e3e2e3
Trenciansky,SK,#fdd9ae
Zlínský,CZ,#15201e
Borsod-Abaúj-Zemplén,HU,#323333
Banskobystrický,SK,#c7e790
Nógrád,HU,#21161c
Nitriansky,SK,#1cea07
Komárom-Esztergom,HU,#754a8d
Pest,HU,#593445
Lubusz,PL,#96f740
Brandenburg,DE,#c7fef7
West_Pomeranian,PL,#fbf6fa
Mecklenburg-Vorpommern,DE,#fbdce3
Mehedinți,RO,#9c62ad
Dolj,RO,#2e308d
Silistra,BG,#121743
Călărași,RO,#e0d8f3
Ruse,BG,#998c66
Teleorman,RO,#b3b7ea
Giurgiu,RO,#293150
Constanța,RO,#c0c6eb
Dobrich,BG,#9ce1cb
Vratsa,BG,#7dd6b5
Olt,RO,#58a772
Pleven,BG,#173d4a
Veliko_Tarnovo,BG,#d4cdd0
Srednje-Banatski,RS,#1c1e7f
Južno-Banatski,RS,#7b887f
Caraș-Severin,RO,#bbf996
Branicevski,RS,#cc83e4
Eastern_Macedonia_and_Thrace,GR,#baafb4
Kardzhali,BG,#4a2f33
Smolyan,BG,#0a7337
Shkodër,AL,#e0dfec
Andrijevica,ME,#fef985
Zeta,ME,#53fa4b
Tuzi,ME,#d0c761
Podgorica,ME,#e5dcdd
Bar,ME,#1f7e0f
Ulcinj,ME,#fbf1fc
Botoșani,RO,#a87f9c
Briceni,MD,#d53a74
Edineț,MD,#ead8d7
Rîșcani,MD,#3b4007
Glodeni,MD,#bd3f32
Fălești,MD,#b531c8
Iași,RO,#f4fbf7
Ungheni,MD,#94a198
Nisporeni,MD,#65444d
Hîncești,MD,#d6d5e6
Vaslui,RO,#26243f
Leova,MD,#972af3
Cantemir,MD,#f7cc9e
Cahul,MD,#901342
Galați,RO,#8f879a
Chernivtsi,UA,#ab8bc2
Suceava,RO,#2e3904
Maramureș,RO,#040303
Ivano-Frankivsk,UA,#d9d0e7
Odessa,UA,#ac99d6
Tulcea,RO,#a7a2a6
Ocnița,MD,#f0f7f4
Vinnytsya,UA,#f9faf9
Dondușeni,MD,#d7debf
Soroca,MD,#190f0e
Camenca,OT,#433483
Rîbnița,OT,#a8cb9e
Dubăsari,OT,#e1edb6
Grigoriopol,OT,#b7fd64
Slobozia,OT,#595c07
Ștefan_Vodă,MD,#1a0801
Căușeni,MD,#eefbf2
Cimișlia,MD,#ae57a7
Basarabeasca,MD,#bcfbf8
Taraclia,MD,#591450
Gagauzia,MD,#05124a
Lublin,PL,#62c986
L’viv,UA,#466562
Kaliningrad,RU,#7d80f8
Smolensk,RU,#168393
Mahilyow,BY,#6f4a61
Bryansk,RU,#cddee6
Sumy,UA,#76576e
Kursk,RU,#030a04
Belgorod,RU,#f5edde
Kharkiv,UA,#0b0902
Luhansk,UA,#0f021b
Voronezh,RU,#6ca0b1
Rostov,RU,#af48df
Donetsk,UA,#55ec19
Gibraltar,UK,#82c9dd
Andalucía,ES,#0a41b1
Pomeranian,PL,#c0b909
Orenburg,RU,#f5cbfe
West_Kazakhstan,KZ,#fde1de
Saratov,RU,#02d539
Astrakhan,RU,#1b191e
Volgograd,RU,#1a1a11
Atyrau,KZ,#03504f
Ida-Viru,EE,#a1cbf2
Põlva,EE,#71886b
Tartu,EE,#b5390e
Jõgeva,EE,#ebdddc
Northern_Cyprus,CY,#b39f1a
Famagusta,CY,#6c261b
Nicosia,CY,#2e4a51
Akrotiri,CY,#83b0bc
Limassol,CY,#ebdb72
Crimea,UA,#28e3a8
Kherson,UA,#94a291
Galicia,ES,#c5ded1
Viana_do_Castelo,PT,#fdf8fc
Castelo_Branco,PT,#5b585b
Guarda,PT,#091112
Castilla_y_León,ES,#f78946
Bragança,PT,#69a205
Vila_Real,PT,#e26b4f
Braga,PT,#fcfbfc
Faro,PT,#4e563d
Beja,PT,#b8defb
Flintshire,UK,#ac24eb
Cheshire,UK,#d1e0e2
Wrexham,UK,#6b926c
Shropshire,UK,#5d5970
Powys,UK,#bc6b55
Herefordshire,UK,#010c20
Monmouthshire,UK,#936a80
Gloucestershire,UK,#261c1b
Scottish_Borders,UK,#29d225
Northumberland,UK,#3d2f1e
Cumbria,UK,#e4f1ec
Dumfries_and_Galloway,UK,#100f10
Brussels,BE,#72dbb5
Flemish_Brabant,BE,#1e0fa8
Walloon_Brabant,BE,#e1e0e0
Central_Bosnia,BA,#f4eff3
Zenica-Doboj,BA,#8587b6
Tuzla,BA,#e4f2d3
Sarajevo,BA,#ea2fc0
Bosnian_Podrinje,BA,#b4718c
Grad_Beograd,RS,#1a6f54
Podunavski,RS,#f5f5f4
Dublin,IE,#f5f5f0
Dún-Laoghaire–Rathdown,IE,#1a181b
Wicklow,IE,#545920
Wexford,IE,#9becc5
Kilkenny,IE,#38151f
Waterford,IE,#dce8db
Cork,IE,#18e143
Kerry,IE,#4fba33
Limerick,IE,#d8d5c5
Clare,IE,#cfc8c9
Galway,IE,#60663f
Mayo,IE,#79662c
Sligo,IE,#070c09
Causeway_Coast_and_Glens,UK,#303135
Mid_and_East_Antrim,UK,#e5ecf4
Antrim_and_Newtownabbey,UK,#febdf2
Belfast,UK,#0c0e11
North_Down_and_Ards,UK,#4e6d75
Meath,IE,#1e6941
Fingal,IE,#70d1a9
Zaporizhzhya,UA,#173e2e
Sevastopol,UA,#161f1a
Mykolayiv,UA,#f7dce2
Varna,BG,#d8cbcf
Tekirdag,TR,#bca5de
Clackmannanshire,UK,#380774
Stirling,UK,#137457
Falkirk,UK,#aa6e51
West_Lothian,UK,#903d7d
Edinburgh,UK,#20c77a
Midlothian,UK,#f3f5f0
East_Lothian,UK,#c6d7ed
Tyne_and_Wear,UK,#76f9e8
Durham,UK,#146112
Hartlepool,UK,#d0f4bd
Redcar_and_Cleveland,UK,#9cc5f3
North_Yorkshire,UK,#293070
East_Riding_of_Yorkshire,UK,#7f4862
Kingston_upon_Hull,UK,#08050a
North_Lincolnshire,UK,#885da0
North_East_Lincolnshire,UK,#0b120b
Lincolnshire,UK,#fcc4fd
Norfolk,UK,#b0a693
Suffolk,UK,#15a1b2
Essex,UK,#c1bfea
Southend-on-Sea,UK,#cc139a
Thurrock,UK,#113860
Kent,UK,#d2d0c7
Medway,UK,#173c54
East_Sussex,UK,#365d37
Brighton_and_Hove,UK,#1067c9
West_Sussex,UK,#825755
Hampshire,UK,#c8da91
Portsmouth,UK,#b09595
Southampton,UK,#1e687d
Dorset,UK,#0f0261
Bournemouth,UK,#a8b4a7
Poole,UK,#710657
Devon,UK,#e6fbd2
Torbay,UK,#9fc90e
Plymouth,UK,#abe5f8
Cornwall,UK,#c932ef
Somerset,UK,#043b19
North_Somerset,UK,#080b06
Bristol,UK,#cf9c60
South_Gloucestershire,UK,#eb7679
Newport,UK,#01140a
Cardiff,UK,#2bc2b9
Vale_of_Glamorgan,UK,#615e60
Bridgend,UK,#f1f5fa
Neath_Port_Talbot,UK,#f5b18c
Swansea,UK,#f3f1f8
Carmarthenshire,UK,#4a9f24
Pembrokeshire,UK,#b384a9
Ceredigion,UK,#bba2a6
Gwynedd,UK,#acc2dd
Conwy,UK,#0d0859
Denbighshire,UK,#eeebec
Wirral,UK,#a51682
Merseyside,UK,#bab297
Lancashire,UK,#544ca1
Blackpool,UK,#270a3b
South_Ayrshire,UK,#efe2e6
Inverclyde,UK,#45020a
Renfrewshire,UK,#4be8d8
West_Dunbartonshire,UK,#bad051
North_Ayshire,UK,#3f161d
Argyll_and_Bute,UK,#f1fceb
Highland,UK,#363947
Moray,UK,#000000
Aberdeenshire,UK,#a9aca3
Aberdeen,UK,#3e2135
Angus,UK,#756aa7
Dundee,UK,#f1fcf6
Perth_and_Kinross,UK,#6e6b6e
Fife,UK,#fcfbf7
Suðurland,IS,#f0fbc6
Austurland,IS,#7477ad
Suðurnes,IS,#e9e6fd
Höfuðborgarsvæðið,IS,#b5a660
Vesturland,IS,#8d6871
Norðurland_vestra,IS,#c2ae9d
Vestfirðir,IS,#020d13
Norðurland_eystra,IS,#222527
Nenets,RU,#b9eae5
Lääne,EE,#65fd36
Harju,EE,#fc2d59
Lääne-Viru,EE,#cf8eba
City_of_St__Petersburg,RU,#6a0535
Uusimaa,FI,#160605
Finland_Proper,FI,#9d9854
Satakunta,FI,#9c3d8b
Ostrobothnia,FI,#dddcdc
Central_Ostrobothnia,FI,#2f6225
Västernorrland,SE,#dbf271
Gävleborg,SE,#c2bfbf
Uppsala,SE,#e2c4ed
Stockholm,SE,#67e760
Södermanland,SE,#6fa2f6
Östergötland,SE,#4c6748
Kalmar,SE,#bfaee9
Blekinge,SE,#222613
Skåne,SE,#354302
Halland,SE,#c5f3b4
Agder,NO,#05322b
Rogaland,NO,#4f5316
Vestland,NO,#270b52
Møre_og_Romsdal,NO,#7b843f
Arkhangel’sk,RU,#ecdcd7
Agion_Oros,GR,#d7d968
Thessalia,GR,#599c23
Stereá_Elláda,GR,#a8a0cb
Attiki,GR,#49a1d8
Peloponnisos,GR,#343c43
Western_Greece,GR,#f0f0f5
Fier,AL,#f7f8f7
Tirana,AL,#344a7b
Durrës,AL,#f8b5ad
Lezhë,AL,#60ab83
Budva,ME,#3ff2d2
Tivat,ME,#dfa480
Abruzzo,IT,#47d08e
Molise,IT,#49443e
Apulia,IT,#66fb48
Basilicata,IT,#3e220d
Calabria,IT,#d0ede0
Campania,IT,#d3b24c
Lazio,IT,#9a9c99
Toscana,IT,#d9ecfe
Comunidad_Valenciana,ES,#402766
Región_de_Murcia,ES,#eeeeef
Setúbal,PT,#e1d4e0
Lisboa,PT,#452400
Santarém,PT,#7d5bfc
Leiria,PT,#bb9ec1
Coimbra,PT,#767375
Aveiro,PT,#81afbe
Porto,PT,#9068cb
Principado_de_Asturias,ES,#becae7
Cantabria,ES,#867161
Pays_de_la_Loire,FR,#502130
Bretagne,FR,#98274a
Normandy,FR,#d6e8e9
Zuid-Holland,NL,#48bacb
Bremen,DE,#db98e3
Hamburg,DE,#455447
Midtjylland,DK,#e1ead7
Nordjylland,DK,#e8c9d8
Kalmyk,RU,#bef956
Madeira,PT,#63470c
Crete,GR,#f3ddc4
South_Aegean,GR,#080409
Paphos,CY,#edfdd6
Malta,MT,#1f1437
Sicily,IT,#6105c0
Azores,PT,#edf0f0
North_Aegean,GR,#fcfdfd
Ionioi_Nisoi,GR,#928875
Islas_Baleares,ES,#a64b33
Sardegna,IT,#030601
Corsica,FR,#f94e5a
Jersey,OT,#f26dd4
Isle_of_Wight,UK,#7ee5ac
Anglesey,UK,#774e60
Isle_of_Man,OT,#192e24
Sjælland,DK,#9a1192
Hovedstaden,DK,#d4ebe1
Na_hʼEileanan_Siar,UK,#174352
Gotland,SE,#103d24
Orkney_Islands,UK,#f2f1bb
Shetland_Islands,UK,#bdfcc9
Eysturoyar,DK,#bfb7aa
Saare,EE,#234904
Hiiu,EE,#2b4015
Svalbard,NO,#4b4776
Åland_Islands,FI,#309d47
Poltava,UA,#657c77
Khmelnytskyi,UA,#1fdad4
Ternopil_,UA,#2c836f
Dnipropetrovsk,UA,#51493e
Cherkasy,UA,#303d0c
Kirovohrad,UA,#fbfdfa
Bern,CH,#d396f3
Lucerne,CH,#0f1212
Zug,CH,#0fac29
Uri,CH,#bd6e84
Schwyz,CH,#a6b3af
Glarus,CH,#ce0781
Nidwalden,CH,#f405f1
Fribourg,CH,#000101
Obwalden,CH,#96b95e
Criuleni,MD,#d0ecb9
Strășeni,MD,#2cfde7
Anenii_Noi,MD,#e2a7da
Orhei,MD,#a9adb0
Dubăsari_City,OT,#08040b
Chișinău,MD,#db3cbf
Telenești,MD,#e6b7d2
Șoldănești,MD,#6a0320
Florești,MD,#6acf92
Rezina,MD,#131116
Ialoveni,MD,#0f2a13
Appenzell_Ausserrhoden,CH,#000000
Appenzell_Innerrhoden,CH,#5375c4
Västmanland,SE,#2dd4ca
Jönköping,SE,#443c6b
Örebro,SE,#edf6cb
Kronoberg,SE,#e7eeee
La_Rioja,ES,#010001
Castilla-La_Mancha,ES,#f5faf9
Cluj,RO,#251008
Bistrița-Năsăud,RO,#33b0ea
Sălaj,RO,#c6737b
Dâmbovița,RO,#020500
Ilfov,RO,#513036
Argeș,RO,#292928
Gorj,RO,#c08fbd
Hunedoara,RO,#bdb1c2
Vâlcea,RO,#b9bbce
Prahova,RO,#d9d8ce
Covasna,RO,#f7dada
Vrancea,RO,#0d060a
Buzău,RO,#000100
Brașov,RO,#cd98ba
Sibiu,RO,#843f78
Mureș,RO,#0d5a2e
Harghita,RO,#839cf8
Neamț,RO,#e97afd
Bacău,RO,#424544
Alba,RO,#6e6145
Nišavski,RS,#508578
Pomoravski,RS,#70766b
Šumadijski,RS,#4070ab
Moravicki,RS,#b4a459
Kolubarski,RS,#0d3a30
Kauno,LT,#c0dfce
Brăila,RO,#f5fee5
Ialomița,RO,#c5edbc
Viseu,PT,#411306
Utrecht,NL,#0d1100
Mojkovac,ME,#8ba687
Cetinje,ME,#131212
Šavnik,ME,#de8e4d
Kolašin,ME,#aaa38f
Danilovgrad,ME,#392b0c
Călărași,MD,#0a3bdb
Drochia,MD,#fdfaf6
Sîngerei,MD,#6f6f6f
Bălți,MD,#0b1706
Kildare,IE,#49454a
Carlow,IE,#65ae4f
Laoighis,IE,#6c5523
South-Dublin,IE,#e9dcde
Offaly,IE,#b48adf
Westmeath,IE,#5e1b3f
Longford,IE,#4fb7ec
Roscommon,IE,#d8abac
Tipperary,IE,#fdd6fa
Hessen,DE,#fbeaec
Thüringen,DE,#f1f5fa
Sachsen-Anhalt,DE,#0a1427
Berlin,DE,#007d29
Rapla,EE,#efe3f8
Järva,EE,#e9d6e8
Minsk,BY,#041403
Wien,AT,#01d6a1
Berat,AL,#ebf9da
Caerphilly,UK,#18570a
Rhondda_Cynon_Taff,UK,#7e813a
Blaenau_Gwent,UK,#9dfc95
Torfaen,UK,#e6f4d1
Merthyr_Tydfil,UK,#a344b1
North_Lanarkshire,UK,#240130
East_Dunbartonshire,UK,#212144
Glasgow,UK,#7d6267
East_Renfrewshire,UK,#8b709f
East_Ayrshire,UK,#fba8cb
South_Lanarkshire,UK,#487348
Lisburn_City_and_Castlereagh,UK,#165663
London_Unitary_Authorities,UK,#66b11c
Stockton-on-Tees,UK,#70c9e3
Darlington,UK,#5f90e2
Middlesbrough,UK,#9396d0
York,UK,#cbdacb
Hertfordshire,UK,#f9f0ee
Cambridgeshire,UK,#90bf92
Milton_Keynes,UK,#f7f0e2
Buckinghamshire,UK,#0e5e65
Luton,UK,#1c1c5b
Bedfordshire,UK,#847b7e
Rutland,UK,#9ab093
Nottinghamshire,UK,#384a50
Northamptonshire,UK,#fbbcac
Peterborough,UK,#9e9f18
South_Yorkshire,UK,#170746
Leicestershire,UK,#592c5f
Derbyshire,UK,#8289cd
Stoke-on-Trent,UK,#393f44
Telford_and_Wrekin,UK,#527d6b
Staffordshire,UK,#fbeaf4
Worcestershire,UK,#ddd9e4
Warwickshire,UK,#9ecdc2
Oxfordshire,UK,#ccb2ab
Manchester,UK,#bebcb7
Warrington,UK,#019ca6
Berkshire,UK,#81707a
Surrey,UK,#b8b9bb
Blackburn_with_Darwen,UK,#a8aaa1
Swindon,UK,#020909
Bath_and_North_East_Somerset,UK,#302d40
Wiltshire,UK,#b0d1cc
West_Yorkshire,UK,#2274b9
Nottingham,UK,#6a717b
Leicester,UK,#394035
Derby,UK,#faf9fa
Lipetsk,RU,#40191d
Tambov,RU,#f7d0f6
Tatarstan,RU,#1d1e1b
Ul_yanovsk,RU,#000000
Penza,RU,#8282e5
Orel,RU,#484601
Mordovia,RU,#180c23
Kaluga,RU,#87e09a
Kostroma,RU,#0a894f
Yaroslavl_,RU,#456d2a
Vladimir,RU,#86e936
Ryazan,RU,#d2e9d4
Ivanovo,RU,#a24b9b
Nizhegorod,RU,#21a07e
Tula,RU,#2d6c62
Chuvash,RU,#202723
Vologda,RU,#000000
Novgorod,RU,#393826
Tver_,RU,#1b183d
Moskovsskaya,RU,#f48bc9
Moskva,RU,#b39872
Mariy-El,RU,#442143
Kirov,RU,#0ab577
Udmurt,RU,#921b50
Komi,RU,#1c1f18
Samara,RU,#f9fafa
Stavropol_,RU,#25240e
Adygey,RU,#ddcbf2
Masovian,PL,#2b746e
Łódź,PL,#dfdfca
Kuyavian-Pomeranian,PL,#bf72b7
Greater_Poland,PL,#141105
Świętokrzyskie,PL,#217e70
Jász-Nagykun-Szolnok,HU,#030304
Fejér,HU,#353dea
Veszprém,HU,#a94b06
Tolna,HU,#424607
Budapest,HU,#72aba5
Heves,HU,#272916
Central_Finland,FI,#8b2043
Southern_Ostrobothnia,FI,#3d0e21
Pirkanmaa,FI,#0e050c
Tavastia_Proper,FI,#853c43
Päijät_Häme,FI,#83a49a
Plovdiv,BG,#4d9aaa
Stara_Zagora,BG,#0b0704
Sliven,BG,#e5e9ba
Shumen,BG,#abb906
Razgrad,BG,#271756
Targovishte,BG,#fa71f8
Gabrovo,BG,#708b91
Pazardzhik,BG,#591a20
Lovech,BG,#8fa116
Grad_Sofiya,BG,#435e44
Vysocina,CZ,#978f88
Stredoceský,CZ,#687702
Prague,CZ,#271827
Minsk_City,BY,#ced299
Kyiv_city,UA,#9ba598
Bucharest,RO,#dfd7fc
Umbria,IT,#422715
Centre-Val_de_Loire,FR,#3f4a47
Île-de-France,FR,#080902
West_Midlands,UK,#31240c
Comunidad_de_Madrid,ES,#000000
Alūksnes_novads,LV,#5da411
Līvānu_novads,LV,#c2c9c5
Gulbenes_novads,LV,#76c869
Ventspils_novads,LV,#8cbcc3
Valkas_novads,LV,#ddfca7
Salaspils_novads,LV,#2c565b
Jelgava,LV,#c785e2
Rēzekne,LV,#07022b
Jūrmala,LV,#8abf8d
Ventspils,LV,#e5e0b6
Rīga,LV,#b1f6f5
Liepāja,LV,#9feec8
Dienvidkurzemes_novads,LV,#d9d3e0
Kuldīgas_novads,LV,#dacbfc
Saldus_novads,LV,#0e12a5
Talsu_novads,LV,#01120c
Tukuma_novads,LV,#35ccc3
Dobeles_novads,LV,#0ee9f1
Jelgavas_novads,LV,#437674
Mārupes_novads,LV,#c5cf18
Bauskas_novads,LV,#bc296e
Ogres_novads,LV,#010304
Aizkraukles_novads,LV,#13b85d
Jēkabpils_novads,LV,#420f09
Ludzas_novads,LV,#6aa96f
Rēzeknes_novads,LV,#faf9fa
Balvu_novads,LV,#040303
Madonas_novads,LV,#5d4a57
Smiltenes_novads,LV,#401d64
Cēsu_novads,LV,#01685b
Valmieras_novads,LV,#7cefeb
Ādažu_novads,LV,#5c4017
Ropažu_novads,LV,#014986
Siguldas_novads,LV,#8bfb40
Preiļu_novads,LV,#ebf2f0
Krāslavas_novads,LV,#136443
Daugavpils,LV,#8e1532
Ķekavas_novads,LV,#3b576e
Olaines_novads,LV,#7b3e9b
Saulkrastu_novads,LV,#aaf7c2
Limbažu_novads,LV,#002720
Augšdaugavas_novads,LV,#282330
Varakļānu_novads,LV,#7637b6
Polog,MK,#abbce4
Southwestern,MK,#f8497a
Pelagonia,MK,#f8f1e7
Skopje,MK,#080d02
Vardar,MK,#dbdef0
Southeastern,MK,#f79cfd
Eastern,MK,#709010
Northeastern,MK,#0e0d18
Upper_Carniola,SI,#691cd3
Gorizia,SI,#6b6c98
Coastal_Karst,SI,#f7f6f6
Southeast_Slovenia,SI,#606067
Littoral_Inner_Carniola,SI,#0f450c
Lower_Sava,SI,#060505
Mura,SI,#fdf9f2
Drava,SI,#25443d
Carinthia,SI,#b3bacc
Savinja,SI,#958c8e
Central_Sava,SI,#dfdcd8
Central_Slovenia,SI,#c58ac4
Noord-Holland,NL,#a55310
Friesland,NL,#203781
Flevoland,NL,#b34c51
Northern_Cape,ZA,#c4f4b1
Western_Cape,ZA,#deb2a1
North_West,ZA,#ea51a4
Free_State,ZA,#4a2f47
Gauteng,ZA,#070205
Limpompo,ZA,#e4214a
Mpumalanga,ZA,#65629f
Eastern_Cape,ZA,#162839
KwaZulu-Natal,ZA,#99e8da
Guernsey,OT,#271a41
Vatican,VA,#afdf9c
Medimurska,HR,#f0f0e7
Viroviticko-Podravska,HR,#d3edc8
Koprivnicko-Križevacka,HR,#2bac0d
Osjecko-Baranjska,HR,#f7e8fb
Istarska,HR,#c6f1bc
Dubrovacko-Neretvanska,HR,#7a4b4b
Zagrebacka,HR,#638932
Karlovacka,HR,#325141
Sisacko-Moslavacka,HR,#656a70
Brodsko-Posavska,HR,#e8e3e6
Šibensko-Kninska,HR,#3a190b
Zadarska,HR,#d7e4d5
Licko-Senjska,HR,#f0f1f5
Vukovarsko-Srijemska,HR,#335498
Splitsko-Dalmatinska,HR,#000205
Varaždinska,HR,#fbfefb
Krapinsko-Zagorska,HR,#f4ecfd
Primorsko-Goranska,HR,#2142ae
Bjelovarska-Bilogorska,HR,#2c1817
Zagreb_City,HR,#1e0807
Pozega_Slavonia,HR,#2ebd93
Akershus,NO,#f0f4ef
Innlandet,NO,#f9f39f
Østfold,NO,#75c8b7
Buskerud,NO,#f994ee
Vestfold,NO,#bfda7d
Telemark,NO,#2539f8
Oslo,NO,#44e766
Atauro,TL,#d9dada
